Workbook
Name 人类: 法术书目录!$AM$42
Name 阿斯莫: 法术书目录!$AM$43:$AO$43
Name 精灵: 法术书目录!$AM$44:$AW$44
Name 半身人: 法术书目录!$AM$45:$AO$45
Name 矮人: 法术书目录!$AM$46:$AO$46
Name 龙裔: 法术书目录!$AM$47:$AV$47
Name 侏儒: 法术书目录!$AM$48:$AO$48
Name 提夫林: 法术书目录!$AM$51:$AW$51
Name 元素裔: 法术书目录!$AM$53:$AP$53
Name 地精: 法术书目录!$AM$60:$AN$60
Name 吉斯人: 法术书目录!$AM$64:$AN$64
Name 化兽者: 法术书目录!$AM$72:$AP$72
Name 战俑: 法术书目录!$AM$73:$AO$73
Name 半精灵: 法术书目录!$AM$49:$AQ$49
Name 析米克杂种: 法术书目录!$AM$68:$AR$68

Sheet 背景
A1: 人物背景 Background
B3: 个性
B5: 理念
B6: 羁绊
B7: 缺陷
B9: 背景特性
B13: 外貌描写
AM15: 形象
B17: 背景故事 | AM17: 背景
AM18: 出身
AM20: 语言
AM27: 熟练工具

Sheet 主要
O1: DND 5E 人物卡 <NekoWorks ver2.1> | AG1: 推荐在电脑上使用Excel2010及以后版本打开本卡
Y2: Lv
B3: 角色名 | P3: 职业 | AA3: > | AB3: 熟练 | AD3: =IF(Y3<5,2,IF(Y3<9,3,IF(Y3<13,4,IF(Y3<17,5,6)))) -> 2
B4: 玩家 | P4: 经验值 | Y4: =IF(S4="","","Lv") | Z4: =IF(S4="","",VLOOKUP($S$4,法术书目录!$O$24:$P$43,2,TRUE))
B6: 种族 | J6: 性别 | Q6: 身高 | X6: 阵营
B7: 亚种 | J7: 年龄 | Q7: 体重 | X7: 信仰
B9: 属性 | N9: 战斗
B10: 熟练 | F10: 基本值 | I10: 调整值 | K10: 豁免 | S10: 其他 | Z10: Now | AC10: Max
A11: FALSE | C11: 力量 | F11: 10 | H11: > | I11: =INT(F11/2-5) -> 0 | K11: =INT(F11/2-5)+IF(A11=TRUE,$AD$3,0) -> 0 | N11: 先攻 | P11: =SUM(I13+S11) -> 0 | R11: < | V11: HP | Y11: 1 | AB11: / | AC11: 1
A13: FALSE | C13: 敏捷 | F13: 10 | H13: > | I13: =INT(F13/2-5) -> 0 | K13: =INT(F13/2-5)+IF(A13=TRUE,$AD$3,0) -> 0 | M13: > | N13: AC | P13: =SUM(AD26,IF(AG26<>"",AG26,I13),S13)+IF(DB!A25=TRUE,AP26,0) -> 10 | R13: < | V13: HD | X13: 1 | Z13: / | AA13: =IF(Y3<=0,"",Y3)
A15: FALSE | C15: 体质 | F15: 10 | H15: > | I15: =INT(F15/2-5) -> 0 | K15: =INT(F15/2-5)+IF(A15=TRUE,$AD$3,0) -> 0 | S15: 其他 | U15: 死亡豁免成功 | AB15: 失败
N16: DC | P16: =SUM(8+AD3+IF(R19="力量",I11,IF(R19="敏捷",I13,IF(R19="体质",I15,IF(R19="智力",I17,IF(R19="感知",I19,IF(R19="魅力",I21,0))))))) -> 10 | R16: < | V16: 特殊 | AB16: 临时 HP
A17: FALSE | C17: 智力 | F17: 10 | H17: > | I17: =INT(F17/2-5) -> 0 | K17: =INT(F17/2-5)+IF(A17=TRUE,$AD$3,0) -> 0
A19: FALSE | C19: 感知 | F19: 10 | H19: > | I19: =INT(F19/2-5) -> 0 | K19: =INT(F19/2-5)+IF(A19=TRUE,$AD$3,0) -> 0 | N19: 关键属性 | R19: 力量 | V19: 体型 | AB19: 速度
A21: FALSE | C21: 魅力 | F21: 10 | H21: > | I21: =INT(F21/2-5) -> 0 | K21: =INT(F21/2-5)+IF(A21=TRUE,$AD$3,0) -> 0 | N21: 被动察觉 | R21: =SUM(10+I38) -> 10 | V21: 抗力
AH22: 画像
B24: 技能 | S24: 装备 | X24: =IF(AB24="","","已同调的装备") | AB24: =IF(COUNTIF(法术书目录!R27:R42,TRUE)=0,"",COUNTIF(法术书目录!R27:R42,TRUE)) | AD24: 快捷战斗
B25: 熟练 | D25: 力量系 | F25: 修正 | I25: 总值 | L25: 护甲 | P25: 名称 | U25: 同调 | W25: 特性 | AA25: 重量 | AD25: AC | AF25: 最大敏捷 | AL25: 同调 | AM25: 盾牌 | AP25: AC | AR25: 重量
A26: FALSE | C26: 运动 | H26: > | I26: =$I$11+IF($A26=TRUE,$AD$3,0)+F26 -> 0 | L26: - | N26: > | AC26: > | AD26: 10 | AF26: +
B27: 敏捷系 | L27: 武器 | P27: 武器名称 | U27: 同调 | W27: 特性 | AA27: 重量 | AD27: 熟练 | AF27: 攻击骰 | AI27: 伤害骰 | AN27: 伤害类型 | AQ27: 弹药
A28: FALSE | C28: 特技 | H28: > | I28: =$I$13+IF($A28=TRUE,$AD$3,0)+F28 -> 0 | K28: FALSE | L28: - | N28: > | AC28: > | AE28: =IFERROR(CONCATENATE("D20",(IF($K28=TRUE,"+",IF(VLOOKUP(VLOOKUP($L28,法术书目录!$X$9:$AC$47,6,FALSE),$C$11:$L$22,7,FALSE)<0,"","+")))),"D20+") -> D20+ | AG28: =IFERROR(CONCATENATE(IF($K28=TRUE,$AD$3,""),IF(VLOOKUP(VLOOKUP($L28,法术书目录!$X$9:$AC$47,6,FALSE),$C$11:$L$22,7,FALSE)<0,"",(IF($K28=TRUE,"+",""))),VLOOKUP(VLOOKUP($L28,法术书目录!$X$9:$AC$47,6,FALSE),$C$11:$L$22,7,FALSE)),"") | AL28: =IFERROR(IF(AI28="","",CONCATENATE(IF(VLOOKUP(VLOOKUP($L28,法术书目录!$X$9:$AC$47,6,FALSE),$C$11:$L$22,7,FALSE)<0,"","+"),VLOOKUP(VLOOKUP($L28,法术书目录!$X$9:$AC$47,6,FALSE),$C$11:$L$22,7,FALSE))),"") | AQ28: 箭 | AR28: 0
A29: FALSE | C29: 巧手 | H29: > | I29: =$I$13+IF($A29=TRUE,$AD$3,0)+F29 -> 0 | K29: FALSE | L29: - | N29: > | AC29: > | AE29: =IFERROR(CONCATENATE("D20",(IF($K29=TRUE,"+",IF(VLOOKUP(VLOOKUP($L29,法术书目录!$X$9:$AC$47,6,FALSE),$C$11:$L$22,7,FALSE)<0,"","+")))),"D20+") -> D20+ | AG29: =IFERROR(CONCATENATE(IF($K29=TRUE,$AD$3,""),IF(VLOOKUP(VLOOKUP($L29,法术书目录!$X$9:$AC$47,6,FALSE),$C$11:$L$22,7,FALSE)<0,"",(IF($K29=TRUE,"+",""))),VLOOKUP(VLOOKUP($L29,法术书目录!$X$9:$AC$47,6,FALSE),$C$11:$L$22,7,FALSE)),"") | AL29: =IFERROR(IF(AI29="","",CONCATENATE(IF(VLOOKUP(VLOOKUP($L29,法术书目录!$X$9:$AC$47,6,FALSE),$C$11:$L$22,7,FALSE)<0,"","+"),VLOOKUP(VLOOKUP($L29,法术书目录!$X$9:$AC$47,6,FALSE),$C$11:$L$22,7,FALSE))),"") | AQ29: 矢 | AR29: 0
A30: FALSE | C30: 隐匿 | H30: > | I30: =$I$13+IF($A30=TRUE,$AD$3,0)+F30 -> 0 | K30: FALSE | L30: - | N30: > | AC30: > | AE30: =IFERROR(CONCATENATE("D20",(IF($K30=TRUE,"+",IF(VLOOKUP(VLOOKUP($L30,法术书目录!$X$9:$AC$47,6,FALSE),$C$11:$L$22,7,FALSE)<0,"","+")))),"D20+") -> D20+ | AG30: =IFERROR(CONCATENATE(IF($K30=TRUE,$AD$3,""),IF(VLOOKUP(VLOOKUP($L30,法术书目录!$X$9:$AC$47,6,FALSE),$C$11:$L$22,7,FALSE)<0,"",(IF($K30=TRUE,"+",""))),VLOOKUP(VLOOKUP($L30,法术书目录!$X$9:$AC$47,6,FALSE),$C$11:$L$22,7,FALSE)),"") | AL30: =IFERROR(IF(AI30="","",CONCATENATE(IF(VLOOKUP(VLOOKUP($L30,法术书目录!$X$9:$AC$47,6,FALSE),$C$11:$L$22,7,FALSE)<0,"","+"),VLOOKUP(VLOOKUP($L30,法术书目录!$X$9:$AC$47,6,FALSE),$C$11:$L$22,7,FALSE))),"") | AQ30: 弹 | AR30: 0
B31: 智力系 | K31: FALSE | L31: - | N31: > | AC31: > | AE31: =IFERROR(CONCATENATE("D20",(IF($K31=TRUE,"+",IF(VLOOKUP(VLOOKUP($L31,法术书目录!$X$9:$AC$47,6,FALSE),$C$11:$L$22,7,FALSE)<0,"","+")))),"D20+") -> D20+ | AG31: =IFERROR(CONCATENATE(IF($K31=TRUE,$AD$3,""),IF(VLOOKUP(VLOOKUP($L31,法术书目录!$X$9:$AC$47,6,FALSE),$C$11:$L$22,7,FALSE)<0,"",(IF($K31=TRUE,"+",""))),VLOOKUP(VLOOKUP($L31,法术书目录!$X$9:$AC$47,6,FALSE),$C$11:$L$22,7,FALSE)),"") | AL31: =IFERROR(IF(AI31="","",CONCATENATE(IF(VLOOKUP(VLOOKUP($L31,法术书目录!$X$9:$AC$47,6,FALSE),$C$11:$L$22,7,FALSE)<0,"","+"),VLOOKUP(VLOOKUP($L31,法术书目录!$X$9:$AC$47,6,FALSE),$C$11:$L$22,7,FALSE))),"") | AQ31: 投 | AR31: 0
A32: FALSE | C32: 调查 | H32: > | I32: =$I$17+IF($A32=TRUE,$AD$3,0)+F32 -> 0 | K32: FALSE | L32: - | N32: > | AC32: > | AE32: =IFERROR(CONCATENATE("D20",(IF($K32=TRUE,"+",IF(VLOOKUP(VLOOKUP($L32,法术书目录!$X$9:$AC$47,6,FALSE),$C$11:$L$22,7,FALSE)<0,"","+")))),"D20+") -> D20+ | AG32: =IFERROR(CONCATENATE(IF($K32=TRUE,$AD$3,""),IF(VLOOKUP(VLOOKUP($L32,法术书目录!$X$9:$AC$47,6,FALSE),$C$11:$L$22,7,FALSE)<0,"",(IF($K32=TRUE,"+",""))),VLOOKUP(VLOOKUP($L32,法术书目录!$X$9:$AC$47,6,FALSE),$C$11:$L$22,7,FALSE)),"") | AL32: =IFERROR(IF(AI32="","",CONCATENATE(IF(VLOOKUP(VLOOKUP($L32,法术书目录!$X$9:$AC$47,6,FALSE),$C$11:$L$22,7,FALSE)<0,"","+"),VLOOKUP(VLOOKUP($L32,法术书目录!$X$9:$AC$47,6,FALSE),$C$11:$L$22,7,FALSE))),"") | AQ32: 它 | AR32: 0
A33: FALSE | C33: 奥秘 | H33: > | I33: =$I$17+IF($A33=TRUE,$AD$3,0)+F33 -> 0 | L33: 其他 | P33: 名称 | U33: 同调 | W33: 特性 | AA33: 重量
A34: FALSE | C34: 历史 | H34: > | I34: =$I$17+IF($A34=TRUE,$AD$3,0)+F34 -> 0 | L34: - | N34: > | AD34: 法术
A35: FALSE | C35: 自然 | H35: > | I35: =$I$17+IF($A35=TRUE,$AD$3,0)+F35 -> 0 | L35: - | N35: > | AD35: 施法属性 | AH35: 法术基础攻击骰 | AN35: 可以准备的法术数量
A36: FALSE | C36: 宗教 | H36: > | I36: =$I$17+IF($A36=TRUE,$AD$3,0)+F36 -> 0 | L36: - | N36: > | AG36: > | AH36: =IFERROR(VLOOKUP(AD36,法术书目录!W49:Y51,3,FALSE),"") | AK36: =IFERROR(CONCATENATE(VLOOKUP(AD36,$C$11:$J$22,7,FALSE),"+",$AD$3),"") | AQ36: =IFERROR(VLOOKUP(AN36,法术书目录!$O$9:$P$20,2,FALSE),"")
B37: 感知系 | L37: - | N37: > | AF37: > | AG37: > | AH37: =IFERROR(VLOOKUP(AD37,法术书目录!W49:Y51,3,FALSE),"") | AK37: =IFERROR(CONCATENATE(VLOOKUP(AD37,$C$11:$J$22,7,FALSE),"+",$AD$3),"") | AQ37: =IFERROR(VLOOKUP(AN37,法术书目录!$O$9:$P$20,2,FALSE),"")
A38: FALSE | C38: 察觉 | H38: > | I38: =$I$19+IF($A38=TRUE,$AD$3,0)+F38 -> 0 | L38: - | N38: > | AO38: 法术位
A39: FALSE | C39: 洞悉 | H39: > | I39: =$I$19+IF($A39=TRUE,$AD$3,0)+F39 -> 0 | L39: - | N39: > | AD39: 关键属性 | AI39: 智力 | AM39: 1 | AQ39: /
A40: FALSE | C40: 驯养 | H40: > | I40: =$I$19+IF($A40=TRUE,$AD$3,0)+F40 -> 0 | L40: - | N40: > | AD40: 法术DC | AI40: =SUM(8+AD3+IF(AI39="智力",I17,IF(AI39="感知",I19,IF(AI39="魅力",I21,)))) -> 10 | AM40: 2 | AQ40: /
A41: FALSE | C41: 医疗 | H41: > | I41: =$I$19+IF($A41=TRUE,$AD$3,0)+F41 -> 0 | L41: - | N41: > | AM41: 3 | AQ41: /
A42: FALSE | C42: 生存 | H42: > | I42: =$I$19+IF($A42=TRUE,$AD$3,0)+F42 -> 0 | L42: - | N42: > | AE42: ———随身钱币——— | AM42: 4 | AQ42: /
B43: 魅力系 | L43: 负重规则 | O43: 5 | R43: ——负重&财产—— | AE43: PP | AM43: 5 | AQ43: /
A44: FALSE | C44: 说服 | H44: > | I44: =$I$21+IF($A44=TRUE,$AD$3,0)+F44 -> 0 | L44: 装备 | O44: 背包1 | R44: 背包2 | U44: > | V44: 总负重 | Z44: < | AA44: 钱包 | AD44: < | AE44: EP | AM44: 6 | AQ44: /
A45: FALSE | C45: 欺诈 | H45: > | I45: =$I$21+IF($A45=TRUE,$AD$3,0)+F45 -> 0 | L45: =SUM(AA34:AB42,AA28:AB32,AA26,AR26) -> 0 | O45: =背包!V3 -> 0 | R45: =背包!AS3 -> 0 | V45: =SUM(L45:T45)+AA45+AA47 -> 0 | AA45: =SUM(AG43:AK47)/50 -> 0 | AE45: GP | AM45: 7 | AQ45: /
A46: FALSE | C46: 威吓 | H46: > | I46: =$I$21+IF($A46=TRUE,$AD$3,0)+F46 -> 0 | L46: 轻载 | O46: 中载 | R46: 重载 | V46: 状态 | AA46: 次元袋 | AE46: SP | AM46: 8 | AQ46: /
A47: FALSE | C47: 表演 | H47: > | I47: =$I$21+IF($A47=TRUE,$AD$3,0)+F47 -> 0 | L47: =F11*O43 -> 50 | O47: =F11*O43*2 -> 100 | R47: =F11*O43*3 -> 150 | V47: =IF(V45<=L47,"轻载",IF(V45<=O47,"中载",IF(V45<=R47,"重载","重载"))) -> 轻载 | AA47: =IF(背包!V27="无效",0,15)+IF(背包!AS27="无效",0,15) -> 0 | AE47: CP | AM47: 9 | AQ47: /
B48: —————货币换算————— | M48: 货币重量 | P48: 铜币CP | V48: 银币SP | AB48: 金银币EP | AH48: 金币GP | AN48: 白金币PP
B49: =IFERROR(IF(VLOOKUP($C53,列表!$B:$T,17,FALSE)="!",".",""),"") | H49: 金币GP | L49: > | M49: =IFERROR(IF(B49/50=0,"",B49/50),"") | P49: =IFERROR(IF(VLOOKUP($H$49,法术书目录!$T$2:$Y$6,(HLOOKUP(P$48,法术书目录!$U$1:$Y$7,7,FALSE)+1),FALSE)*$B$49=0,"",VLOOKUP($H$49,法术书目录!$T$2:$Y$6,(HLOOKUP(P$48,法术书目录!$U$1:$Y$7,7,FALSE)+1),FALSE)*$B$49),"") | V49: =IFERROR(IF(VLOOKUP($H$49,法术书目录!$T$2:$Y$6,(HLOOKUP(V$48,法术书目录!$U$1:$Y$7,7,FALSE)+1),FALSE)*$B$49=0,"",VLOOKUP($H$49,法术书目录!$T$2:$Y$6,(HLOOKUP(V$48,法术书目录!$U$1:$Y$7,7,FALSE)+1),FALSE)*$B$49),"") | AB49: =IFERROR(IF(VLOOKUP($H$49,法术书目录!$T$2:$Y$6,(HLOOKUP(AB$48,法术书目录!$U$1:$Y$7,7,FALSE)+1),FALSE)*$B$49=0,"",VLOOKUP($H$49,法术书目录!$T$2:$Y$6,(HLOOKUP(AB$48,法术书目录!$U$1:$Y$7,7,FALSE)+1),FALSE)*$B$49),"") | AH49: =IFERROR(IF(VLOOKUP($H$49,法术书目录!$T$2:$Y$6,(HLOOKUP(AH$48,法术书目录!$U$1:$Y$7,7,FALSE)+1),FALSE)*$B$49=0,"",VLOOKUP($H$49,法术书目录!$T$2:$Y$6,(HLOOKUP(AH$48,法术书目录!$U$1:$Y$7,7,FALSE)+1),FALSE)*$B$49),"") | AN49: =IFERROR(IF(VLOOKUP($H$49,法术书目录!$T$2:$Y$6,(HLOOKUP(AN$48,法术书目录!$U$1:$Y$7,7,FALSE)+1),FALSE)*$B$49=0,"",VLOOKUP($H$49,法术书目录!$T$2:$Y$6,(HLOOKUP(AN$48,法术书目录!$U$1:$Y$7,7,FALSE)+1),FALSE)*$B$49),"")
E51: 已准备的法术 | S51: =IF(U51="","","已准备") | U51: =IF(COUNTA(C53:G67,J53:N67,Q53:U67)=0,"",COUNTA(C53:G67,J53:N67,Q53:U67)) | W51: 已准备法术的效果
B52: Lv | C52: 法术名称 | I52: Lv | J52: 法术名称 | P52: Lv | Q52: 法术名称 | W52: 法术名 | AC52: 等级 | AF52: 系别 | AM52: 适用职业
B53: =CONCATENATE(IFERROR(VLOOKUP((VLOOKUP($C53,列表!$B:$T,13,FALSE)),法术书目录!$Q$1:$R$10,2,FALSE),""),IFERROR(IF(VLOOKUP($C53,列表!$B:$T,17,FALSE)="!",".",""),"")) | I53: =CONCATENATE(IFERROR(VLOOKUP((VLOOKUP($J53,列表!$B:$T,13,FALSE)),法术书目录!$Q$1:$R$10,2,FALSE),""),IFERROR(IF(VLOOKUP($J53,列表!$B:$T,17,FALSE)="!",".",""),"")) | P53: =CONCATENATE(IFERROR(VLOOKUP((VLOOKUP($Q53,列表!$B:$T,13,FALSE)),法术书目录!$Q$1:$R$10,2,FALSE),""),IFERROR(IF(VLOOKUP($Q53,列表!$B:$T,17,FALSE)="!",".",""),"")) | AC53: =IFERROR(VLOOKUP(W53,列表!$B:$T,13,FALSE),"") | AF53: =IFERROR(VLOOKUP(W53,列表!$B:$T,14,FALSE),"") | AM53: =IFERROR(VLOOKUP(W53,列表!$B:$T,3,FALSE),"")
B54: =CONCATENATE(IFERROR(VLOOKUP((VLOOKUP($C54,列表!$B:$T,13,FALSE)),法术书目录!$Q$1:$R$10,2,FALSE),""),IFERROR(IF(VLOOKUP($C54,列表!$B:$T,17,FALSE)="!",".",""),"")) | I54: =CONCATENATE(IFERROR(VLOOKUP((VLOOKUP($J54,列表!$B:$T,13,FALSE)),法术书目录!$Q$1:$R$10,2,FALSE),""),IFERROR(IF(VLOOKUP($J54,列表!$B:$T,17,FALSE)="!",".",""),"")) | P54: =CONCATENATE(IFERROR(VLOOKUP((VLOOKUP($Q54,列表!$B:$T,13,FALSE)),法术书目录!$Q$1:$R$10,2,FALSE),""),IFERROR(IF(VLOOKUP($Q54,列表!$B:$T,17,FALSE)="!",".",""),"")) | W54: 施法动作 | AI54: 施法距离
B55: =CONCATENATE(IFERROR(VLOOKUP((VLOOKUP($C55,列表!$B:$T,13,FALSE)),法术书目录!$Q$1:$R$10,2,FALSE),""),IFERROR(IF(VLOOKUP($C55,列表!$B:$T,17,FALSE)="!",".",""),"")) | I55: =CONCATENATE(IFERROR(VLOOKUP((VLOOKUP($J55,列表!$B:$T,13,FALSE)),法术书目录!$Q$1:$R$10,2,FALSE),""),IFERROR(IF(VLOOKUP($J55,列表!$B:$T,17,FALSE)="!",".",""),"")) | P55: =CONCATENATE(IFERROR(VLOOKUP((VLOOKUP($Q55,列表!$B:$T,13,FALSE)),法术书目录!$Q$1:$R$10,2,FALSE),""),IFERROR(IF(VLOOKUP($Q55,列表!$B:$T,17,FALSE)="!",".",""),"")) | W55: =IFERROR(VLOOKUP(W53,列表!$B:$T,5,FALSE),"") | AI55: =IFERROR(VLOOKUP(W53,列表!$B:$T,6,FALSE),"")
B56: =CONCATENATE(IFERROR(VLOOKUP((VLOOKUP($C56,列表!$B:$T,13,FALSE)),法术书目录!$Q$1:$R$10,2,FALSE),""),IFERROR(IF(VLOOKUP($C56,列表!$B:$T,17,FALSE)="!",".",""),"")) | I56: =CONCATENATE(IFERROR(VLOOKUP((VLOOKUP($J56,列表!$B:$T,13,FALSE)),法术书目录!$Q$1:$R$10,2,FALSE),""),IFERROR(IF(VLOOKUP($J56,列表!$B:$T,17,FALSE)="!",".",""),"")) | P56: =CONCATENATE(IFERROR(VLOOKUP((VLOOKUP($Q56,列表!$B:$T,13,FALSE)),法术书目录!$Q$1:$R$10,2,FALSE),""),IFERROR(IF(VLOOKUP($Q56,列表!$B:$T,17,FALSE)="!",".",""),"")) | W56: 持续时间 | AC56: 法术成分 | AI56: =IFERROR(VLOOKUP(W53,列表!$B:$T,15,FALSE),"")
B57: =CONCATENATE(IFERROR(VLOOKUP((VLOOKUP($C57,列表!$B:$T,13,FALSE)),法术书目录!$Q$1:$R$10,2,FALSE),""),IFERROR(IF(VLOOKUP($C57,列表!$B:$T,17,FALSE)="!",".",""),"")) | I57: =CONCATENATE(IFERROR(VLOOKUP((VLOOKUP($J57,列表!$B:$T,13,FALSE)),法术书目录!$Q$1:$R$10,2,FALSE),""),IFERROR(IF(VLOOKUP($J57,列表!$B:$T,17,FALSE)="!",".",""),"")) | P57: =CONCATENATE(IFERROR(VLOOKUP((VLOOKUP($Q57,列表!$B:$T,13,FALSE)),法术书目录!$Q$1:$R$10,2,FALSE),""),IFERROR(IF(VLOOKUP($Q57,列表!$B:$T,17,FALSE)="!",".",""),"")) | W57: =IFERROR(VLOOKUP(W53,列表!$B:$T,8,FALSE),"") | AC57: =IFERROR(IF(VLOOKUP(W53,列表!$B:$T,16,FALSE)=0,"",VLOOKUP(W53,列表!$B:$T,16,FALSE)),"")
B58: =CONCATENATE(IFERROR(VLOOKUP((VLOOKUP($C58,列表!$B:$T,13,FALSE)),法术书目录!$Q$1:$R$10,2,FALSE),""),IFERROR(IF(VLOOKUP($C58,列表!$B:$T,17,FALSE)="!",".",""),"")) | I58: =CONCATENATE(IFERROR(VLOOKUP((VLOOKUP($J58,列表!$B:$T,13,FALSE)),法术书目录!$Q$1:$R$10,2,FALSE),""),IFERROR(IF(VLOOKUP($J58,列表!$B:$T,17,FALSE)="!",".",""),"")) | P58: =CONCATENATE(IFERROR(VLOOKUP((VLOOKUP($Q58,列表!$B:$T,13,FALSE)),法术书目录!$Q$1:$R$10,2,FALSE),""),IFERROR(IF(VLOOKUP($Q58,列表!$B:$T,17,FALSE)="!",".",""),"")) | W58: 法术效果说明
B59: =CONCATENATE(IFERROR(VLOOKUP((VLOOKUP($C59,列表!$B:$T,13,FALSE)),法术书目录!$Q$1:$R$10,2,FALSE),""),IFERROR(IF(VLOOKUP($C59,列表!$B:$T,17,FALSE)="!",".",""),"")) | I59: =CONCATENATE(IFERROR(VLOOKUP((VLOOKUP($J59,列表!$B:$T,13,FALSE)),法术书目录!$Q$1:$R$10,2,FALSE),""),IFERROR(IF(VLOOKUP($J59,列表!$B:$T,17,FALSE)="!",".",""),"")) | P59: =CONCATENATE(IFERROR(VLOOKUP((VLOOKUP($Q59,列表!$B:$T,13,FALSE)),法术书目录!$Q$1:$R$10,2,FALSE),""),IFERROR(IF(VLOOKUP($Q59,列表!$B:$T,17,FALSE)="!",".",""),"")) | W59: =IFERROR(VLOOKUP(W53,列表!$B:$T,9,FALSE),"")
B60: =CONCATENATE(IFERROR(VLOOKUP((VLOOKUP($C60,列表!$B:$T,13,FALSE)),法术书目录!$Q$1:$R$10,2,FALSE),""),IFERROR(IF(VLOOKUP($C60,列表!$B:$T,17,FALSE)="!",".",""),"")) | I60: =CONCATENATE(IFERROR(VLOOKUP((VLOOKUP($J60,列表!$B:$T,13,FALSE)),法术书目录!$Q$1:$R$10,2,FALSE),""),IFERROR(IF(VLOOKUP($J60,列表!$B:$T,17,FALSE)="!",".",""),"")) | P60: =CONCATENATE(IFERROR(VLOOKUP((VLOOKUP($Q60,列表!$B:$T,13,FALSE)),法术书目录!$Q$1:$R$10,2,FALSE),""),IFERROR(IF(VLOOKUP($Q60,列表!$B:$T,17,FALSE)="!",".",""),""))
B61: =CONCATENATE(IFERROR(VLOOKUP((VLOOKUP($C61,列表!$B:$T,13,FALSE)),法术书目录!$Q$1:$R$10,2,FALSE),""),IFERROR(IF(VLOOKUP($C61,列表!$B:$T,17,FALSE)="!",".",""),"")) | I61: =CONCATENATE(IFERROR(VLOOKUP((VLOOKUP($J61,列表!$B:$T,13,FALSE)),法术书目录!$Q$1:$R$10,2,FALSE),""),IFERROR(IF(VLOOKUP($J61,列表!$B:$T,17,FALSE)="!",".",""),"")) | P61: =CONCATENATE(IFERROR(VLOOKUP((VLOOKUP($Q61,列表!$B:$T,13,FALSE)),法术书目录!$Q$1:$R$10,2,FALSE),""),IFERROR(IF(VLOOKUP($Q61,列表!$B:$T,17,FALSE)="!",".",""),""))
B62: =CONCATENATE(IFERROR(VLOOKUP((VLOOKUP($C62,列表!$B:$T,13,FALSE)),法术书目录!$Q$1:$R$10,2,FALSE),""),IFERROR(IF(VLOOKUP($C62,列表!$B:$T,17,FALSE)="!",".",""),"")) | I62: =CONCATENATE(IFERROR(VLOOKUP((VLOOKUP($J62,列表!$B:$T,13,FALSE)),法术书目录!$Q$1:$R$10,2,FALSE),""),IFERROR(IF(VLOOKUP($J62,列表!$B:$T,17,FALSE)="!",".",""),"")) | P62: =CONCATENATE(IFERROR(VLOOKUP((VLOOKUP($Q62,列表!$B:$T,13,FALSE)),法术书目录!$Q$1:$R$10,2,FALSE),""),IFERROR(IF(VLOOKUP($Q62,列表!$B:$T,17,FALSE)="!",".",""),""))
B63: =CONCATENATE(IFERROR(VLOOKUP((VLOOKUP($C63,列表!$B:$T,13,FALSE)),法术书目录!$Q$1:$R$10,2,FALSE),""),IFERROR(IF(VLOOKUP($C63,列表!$B:$T,17,FALSE)="!",".",""),"")) | I63: =CONCATENATE(IFERROR(VLOOKUP((VLOOKUP($J63,列表!$B:$T,13,FALSE)),法术书目录!$Q$1:$R$10,2,FALSE),""),IFERROR(IF(VLOOKUP($J63,列表!$B:$T,17,FALSE)="!",".",""),"")) | P63: =CONCATENATE(IFERROR(VLOOKUP((VLOOKUP($Q63,列表!$B:$T,13,FALSE)),法术书目录!$Q$1:$R$10,2,FALSE),""),IFERROR(IF(VLOOKUP($Q63,列表!$B:$T,17,FALSE)="!",".",""),""))
B64: =CONCATENATE(IFERROR(VLOOKUP((VLOOKUP($C64,列表!$B:$T,13,FALSE)),法术书目录!$Q$1:$R$10,2,FALSE),""),IFERROR(IF(VLOOKUP($C64,列表!$B:$T,17,FALSE)="!",".",""),"")) | I64: =CONCATENATE(IFERROR(VLOOKUP((VLOOKUP($J64,列表!$B:$T,13,FALSE)),法术书目录!$Q$1:$R$10,2,FALSE),""),IFERROR(IF(VLOOKUP($J64,列表!$B:$T,17,FALSE)="!",".",""),"")) | P64: =CONCATENATE(IFERROR(VLOOKUP((VLOOKUP($Q64,列表!$B:$T,13,FALSE)),法术书目录!$Q$1:$R$10,2,FALSE),""),IFERROR(IF(VLOOKUP($Q64,列表!$B:$T,17,FALSE)="!",".",""),""))
B65: =CONCATENATE(IFERROR(VLOOKUP((VLOOKUP($C65,列表!$B:$T,13,FALSE)),法术书目录!$Q$1:$R$10,2,FALSE),""),IFERROR(IF(VLOOKUP($C65,列表!$B:$T,17,FALSE)="!",".",""),"")) | I65: =CONCATENATE(IFERROR(VLOOKUP((VLOOKUP($J65,列表!$B:$T,13,FALSE)),法术书目录!$Q$1:$R$10,2,FALSE),""),IFERROR(IF(VLOOKUP($J65,列表!$B:$T,17,FALSE)="!",".",""),"")) | P65: =CONCATENATE(IFERROR(VLOOKUP((VLOOKUP($Q65,列表!$B:$T,13,FALSE)),法术书目录!$Q$1:$R$10,2,FALSE),""),IFERROR(IF(VLOOKUP($Q65,列表!$B:$T,17,FALSE)="!",".",""),""))
B66: =CONCATENATE(IFERROR(VLOOKUP((VLOOKUP($C66,列表!$B:$T,13,FALSE)),法术书目录!$Q$1:$R$10,2,FALSE),""),IFERROR(IF(VLOOKUP($C66,列表!$B:$T,17,FALSE)="!",".",""),"")) | I66: =CONCATENATE(IFERROR(VLOOKUP((VLOOKUP($J66,列表!$B:$T,13,FALSE)),法术书目录!$Q$1:$R$10,2,FALSE),""),IFERROR(IF(VLOOKUP($J66,列表!$B:$T,17,FALSE)="!",".",""),"")) | P66: =CONCATENATE(IFERROR(VLOOKUP((VLOOKUP($Q66,列表!$B:$T,13,FALSE)),法术书目录!$Q$1:$R$10,2,FALSE),""),IFERROR(IF(VLOOKUP($Q66,列表!$B:$T,17,FALSE)="!",".",""),""))
B67: =CONCATENATE(IFERROR(VLOOKUP((VLOOKUP($C67,列表!$B:$T,13,FALSE)),法术书目录!$Q$1:$R$10,2,FALSE),""),IFERROR(IF(VLOOKUP($C67,列表!$B:$T,17,FALSE)="!",".",""),"")) | I67: =CONCATENATE(IFERROR(VLOOKUP((VLOOKUP($J67,列表!$B:$T,13,FALSE)),法术书目录!$Q$1:$R$10,2,FALSE),""),IFERROR(IF(VLOOKUP($J67,列表!$B:$T,17,FALSE)="!",".",""),"")) | P67: =CONCATENATE(IFERROR(VLOOKUP((VLOOKUP($Q67,列表!$B:$T,13,FALSE)),法术书目录!$Q$1:$R$10,2,FALSE),""),IFERROR(IF(VLOOKUP($Q67,列表!$B:$T,17,FALSE)="!",".",""),""))
B69: 职业能力 | Y69: 种族特性
B70: Lv | C70: 名称 | H70: 描述 | Y70: Lv | Z70: 名称 | AE70: 描述
B98: 专长 | Y98: 特殊能力
B99: Lv | C99: 名称 | H99: 描述 | Y99: Lv | Z99: 名称 | AE99: 描述
B109: 其他特性 | Y109: 笔记
B123: 你的角色可能 | Y123: 技能分布
B125: 力量 | F125: =IF(法术书目录!AG$37<>"",法术书目录!AG$38,"") -> 有正常人的力量
B127: 敏捷 | F127: =IF(法术书目录!AH$37<>"",法术书目录!AH$38,"") -> 普通人的水准
B129: 体质 | F129: =IF(法术书目录!AI$37<>"",法术书目录!AI$38,"") -> 正常人的体质
B131: 智力 | F131: =IF(法术书目录!AJ$37<>"",法术书目录!AJ$38,"") -> 正常人的智力
B133: 感知 | F133: =IF(法术书目录!AK$37<>"",法术书目录!AK$38,"") -> 你醒啦，你很正常
B135: 魅力 | F135: =IF(法术书目录!AL$37<>"",法术书目录!AL$38,"") -> 讨价还价的能力不错
Y138: 小工具
Y139: 生 命 值 小 工 具 | Z139: 1级 | AB139: 2级 | AD139: 3级 | AF139: 4级 | AH139: 5级 | AJ139: 6级 | AL139: 7级 | AN139: 8级 | AP139: 9级 | AR139: 10级
Z140: 96 | AB140: 96 | AD140: 97 | AF140: 100 | AH140: 100 | AJ140: 94 | AL140: 95 | AN140: 95 | AP140: 92 | AR140: 93
Z141: 11级 | AB141: 12级 | AD141: 13级 | AF141: 14级 | AH141: 15级 | AJ141: 16级 | AL141: 17级 | AN141: 18级 | AP141: 19级 | AR141: 20级
Z142: 94 | AB142: 98 | AD142: 92 | AF142: 97 | AH142: 96 | AJ142: 91 | AL142: 91 | AN142: 92 | AP142: 95 | AR142: 92
Z143: 体质调整值 | AE143: 角色等级 | AJ143: 生命总值
Z144: =$I$15 -> 0 | AE144: =COUNTA(Z140:AS140,Z142:AS142) -> 20 | AJ144: =(Z144+Z140)+SUM(AB140:AS140,Z142:AS142)+((AE144-1)*Z144) -> 1896

Sheet 法术书目录
A1: 1 | B1: =IF(法术书I!W8="","",法术书I!W8) | C1: =IFERROR(VLOOKUP(B1,列表!$B:$B,1,FALSE),"QuQ") -> QuQ | D1: =IFERROR(VLOOKUP(C1,列表!$B:$T,17,FALSE),"") | E1: 1 | F1: =IF(法术书II!W8="","",法术书II!W8) | G1: =IFERROR(VLOOKUP(F1,列表!$B:$B,1,FALSE),"QuQ") -> QuQ | H1: =IFERROR(VLOOKUP(G1,列表!$B:$T,17,FALSE),"") | I1: 1 | J1: =IF(法术书III!W8="","",法术书III!W8) | K1: =IFERROR(VLOOKUP(J1,列表!$B:$B,1,FALSE),"QuQ") -> QuQ | L1: =IFERROR(VLOOKUP(K1,列表!$B:$T,17,FALSE),"") | N1: I | O1: 1 | Q1: 戏法 | R1: 0 | T1: 货币 | U1: 铜币CP | V1: 银币SP | W1: 金银币EP | X1: 金币GP | Y1: 白金币PP
A2: 2 | B2: =IF(法术书I!W9="","",法术书I!W9) | C2: =IFERROR(VLOOKUP(B2,列表!$B:$B,1,FALSE),"QuQ") -> QuQ | D2: =IFERROR(VLOOKUP(C2,列表!$B:$T,17,FALSE),"") | E2: 2 | F2: =IF(法术书II!W9="","",法术书II!W9) | G2: =IFERROR(VLOOKUP(F2,列表!$B:$B,1,FALSE),"QuQ") -> QuQ | H2: =IFERROR(VLOOKUP(G2,列表!$B:$T,17,FALSE),"") | I2: 2 | J2: =IF(法术书III!W9="","",法术书III!W9) | K2: =IFERROR(VLOOKUP(J2,列表!$B:$B,1,FALSE),"QuQ") -> QuQ | L2: =IFERROR(VLOOKUP(K2,列表!$B:$T,17,FALSE),"") | N2: II | O2: 1 | Q2: 1环 | R2: 1 | T2: 铜币CP | U2: 1 | V2: =1/10 -> 0.1 | W2: =1/50 -> 0.02 | X2: =1/100 -> 0.01 | Y2: =1/1000 -> 0.001 | Z2: 1
A3: 3 | B3: =IF(法术书I!W10="","",法术书I!W10) | C3: =IFERROR(VLOOKUP(B3,列表!$B:$B,1,FALSE),"QuQ") -> QuQ | D3: =IFERROR(VLOOKUP(C3,列表!$B:$T,17,FALSE),"") | E3: 3 | F3: =IF(法术书II!W10="","",法术书II!W10) | G3: =IFERROR(VLOOKUP(F3,列表!$B:$B,1,FALSE),"QuQ") -> QuQ | H3: =IFERROR(VLOOKUP(G3,列表!$B:$T,17,FALSE),"") | I3: 3 | J3: =IF(法术书III!W10="","",法术书III!W10) | K3: =IFERROR(VLOOKUP(J3,列表!$B:$B,1,FALSE),"QuQ") -> QuQ | L3: =IFERROR(VLOOKUP(K3,列表!$B:$T,17,FALSE),"") | N3: II | O3: 1 | Q3: 2环 | R3: 2 | T3: 银币SP | U3: 10 | V3: 1 | W3: =1/5 -> 0.2 | X3: =1/10 -> 0.1 | Y3: =1/100 -> 0.01 | Z3: 2
A4: 4 | B4: =IF(法术书I!W11="","",法术书I!W11) | C4: =IFERROR(VLOOKUP(B4,列表!$B:$B,1,FALSE),"QuQ") -> QuQ | D4: =IFERROR(VLOOKUP(C4,列表!$B:$T,17,FALSE),"") | E4: 4 | F4: =IF(法术书II!W11="","",法术书II!W11) | G4: =IFERROR(VLOOKUP(F4,列表!$B:$B,1,FALSE),"QuQ") -> QuQ | H4: =IFERROR(VLOOKUP(G4,列表!$B:$T,17,FALSE),"") | I4: 4 | J4: =IF(法术书III!W11="","",法术书III!W11) | K4: =IFERROR(VLOOKUP(J4,列表!$B:$B,1,FALSE),"QuQ") -> QuQ | L4: =IFERROR(VLOOKUP(K4,列表!$B:$T,17,FALSE),"") | Q4: 3环 | R4: 3 | T4: 金银币EP | U4: 50 | V4: 5 | W4: 1 | X4: =1/2 -> 0.5 | Y4: =1/20 -> 0.05 | Z4: 3
A5: 5 | B5: =IF(法术书I!W12="","",法术书I!W12) | C5: =IFERROR(VLOOKUP(B5,列表!$B:$B,1,FALSE),"QuQ") -> QuQ | D5: =IFERROR(VLOOKUP(C5,列表!$B:$T,17,FALSE),"") | E5: 5 | F5: =IF(法术书II!W12="","",法术书II!W12) | G5: =IFERROR(VLOOKUP(F5,列表!$B:$B,1,FALSE),"QuQ") -> QuQ | H5: =IFERROR(VLOOKUP(G5,列表!$B:$T,17,FALSE),"") | I5: 5 | J5: =IF(法术书III!W12="","",法术书III!W12) | K5: =IFERROR(VLOOKUP(J5,列表!$B:$B,1,FALSE),"QuQ") -> QuQ | L5: =IFERROR(VLOOKUP(K5,列表!$B:$T,17,FALSE),"") | O5: V 言语 | Q5: 4环 | R5: 4 | T5: 金币GP | U5: 100 | V5: 10 | W5: 2 | X5: 1 | Y5: =1/10 -> 0.1 | Z5: 4
A6: 6 | B6: =IF(法术书I!W13="","",法术书I!W13) | C6: =IFERROR(VLOOKUP(B6,列表!$B:$B,1,FALSE),"QuQ") -> QuQ | D6: =IFERROR(VLOOKUP(C6,列表!$B:$T,17,FALSE),"") | E6: 6 | F6: =IF(法术书II!W13="","",法术书II!W13) | G6: =IFERROR(VLOOKUP(F6,列表!$B:$B,1,FALSE),"QuQ") -> QuQ | H6: =IFERROR(VLOOKUP(G6,列表!$B:$T,17,FALSE),"") | I6: 6 | J6: =IF(法术书III!W13="","",法术书III!W13) | K6: =IFERROR(VLOOKUP(J6,列表!$B:$B,1,FALSE),"QuQ") -> QuQ | L6: =IFERROR(VLOOKUP(K6,列表!$B:$T,17,FALSE),"") | O6: S 姿势 | Q6: 5环 | R6: 5 | T6: 白金币PP | U6: 1000 | V6: 100 | W6: 20 | X6: 10 | Y6: 1 | Z6: 5
A7: 7 | B7: =IF(法术书I!W14="","",法术书I!W14) | C7: =IFERROR(VLOOKUP(B7,列表!$B:$B,1,FALSE),"QuQ") -> QuQ | D7: =IFERROR(VLOOKUP(C7,列表!$B:$T,17,FALSE),"") | E7: 7 | F7: =IF(法术书II!W14="","",法术书II!W14) | G7: =IFERROR(VLOOKUP(F7,列表!$B:$B,1,FALSE),"QuQ") -> QuQ | H7: =IFERROR(VLOOKUP(G7,列表!$B:$T,17,FALSE),"") | I7: 7 | J7: =IF(法术书III!W14="","",法术书III!W14) | K7: =IFERROR(VLOOKUP(J7,列表!$B:$B,1,FALSE),"QuQ") -> QuQ | L7: =IFERROR(VLOOKUP(K7,列表!$B:$T,17,FALSE),"") | O7: M 材料 | Q7: 6环 | R7: 6 | U7: 1 | V7: 2 | W7: 3 | X7: 4 | Y7: 5
A8: 8 | B8: =IF(法术书I!W15="","",法术书I!W15) | C8: =IFERROR(VLOOKUP(B8,列表!$B:$B,1,FALSE),"QuQ") -> QuQ | D8: =IFERROR(VLOOKUP(C8,列表!$B:$T,17,FALSE),"") | E8: 8 | F8: =IF(法术书II!W15="","",法术书II!W15) | G8: =IFERROR(VLOOKUP(F8,列表!$B:$B,1,FALSE),"QuQ") -> QuQ | H8: =IFERROR(VLOOKUP(G8,列表!$B:$T,17,FALSE),"") | I8: 8 | J8: =IF(法术书III!W15="","",法术书III!W15) | K8: =IFERROR(VLOOKUP(J8,列表!$B:$B,1,FALSE),"QuQ") -> QuQ | L8: =IFERROR(VLOOKUP(K8,列表!$B:$T,17,FALSE),"") | Q8: 7环 | R8: 7
A9: 9 | B9: =IF(法术书I!W16="","",法术书I!W16) | C9: =IFERROR(VLOOKUP(B9,列表!$B:$B,1,FALSE),"QuQ") -> QuQ | D9: =IFERROR(VLOOKUP(C9,列表!$B:$T,17,FALSE),"") | E9: 9 | F9: =IF(法术书II!W16="","",法术书II!W16) | G9: =IFERROR(VLOOKUP(F9,列表!$B:$B,1,FALSE),"QuQ") -> QuQ | H9: =IFERROR(VLOOKUP(G9,列表!$B:$T,17,FALSE),"") | I9: 9 | J9: =IF(法术书III!W16="","",法术书III!W16) | K9: =IFERROR(VLOOKUP(J9,列表!$B:$B,1,FALSE),"QuQ") -> QuQ | L9: =IFERROR(VLOOKUP(K9,列表!$B:$T,17,FALSE),"") | O9: 野蛮人 | P9: 0v0？ | Q9: 8环 | R9: 8 | T9: - | U9: - | V9: ="" | X9: 名称 | Y9: 价格 | Z9: 伤害 | AA9: 重量 | AB9: 特质 | AG9: 力量 | AH9: 敏捷 | AI9: 体质 | AJ9: 智力 | AK9: 感知 | AL9: 魅力
A10: 10 | B10: =IF(法术书I!W17="","",法术书I!W17) | C10: =IFERROR(VLOOKUP(B10,列表!$B:$B,1,FALSE),"QuQ") -> QuQ | D10: =IFERROR(VLOOKUP(C10,列表!$B:$T,17,FALSE),"") | E10: 10 | F10: =IF(法术书II!W17="","",法术书II!W17) | G10: =IFERROR(VLOOKUP(F10,列表!$B:$B,1,FALSE),"QuQ") -> QuQ | H10: =IFERROR(VLOOKUP(G10,列表!$B:$T,17,FALSE),"") | I10: 10 | J10: =IF(法术书III!W17="","",法术书III!W17) | K10: =IFERROR(VLOOKUP(J10,列表!$B:$B,1,FALSE),"QuQ") -> QuQ | L10: =IFERROR(VLOOKUP(K10,列表!$B:$T,17,FALSE),"") | O10: 吟游诗人 | P10: 0v0？ | Q10: 9环 | R10: 9 | T10: 全头 | U10: 轻型 | V10: ="" | X10: - | AE10: 1 | AF10: 1 | AG10: 你还有呼吸的力气 | AH10: 一动不动 | AI10: 应该还算活着 | AJ10: 蚂蚁的智力都不可能是1 | AK10: 你是怎么活到现在的 | AL10: 用脸就能恐惧敌人
A11: 11 | B11: =IF(法术书I!W18="","",法术书I!W18) | C11: =IFERROR(VLOOKUP(B11,列表!$B:$B,1,FALSE),"QuQ") -> QuQ | D11: =IFERROR(VLOOKUP(C11,列表!$B:$T,17,FALSE),"") | E11: 11 | F11: =IF(法术书II!W18="","",法术书II!W18) | G11: =IFERROR(VLOOKUP(F11,列表!$B:$B,1,FALSE),"QuQ") -> QuQ | H11: =IFERROR(VLOOKUP(G11,列表!$B:$T,17,FALSE),"") | I11: 11 | J11: =IF(法术书III!W18="","",法术书III!W18) | K11: =IFERROR(VLOOKUP(J11,列表!$B:$B,1,FALSE),"QuQ") -> QuQ | L11: =IFERROR(VLOOKUP(K11,列表!$B:$T,17,FALSE),"") | O11: 战士 | P11: 0v0？ | T11: 头部 | U11: 中型 | W11: 简单近战武器 | X11: 短棒 | Y11: 1sp | Z11: 1d4钝击 | AA11: 2lb | AB11: 轻 | AC11: 力量 | AF11: 2 | AG11: 连一枚金币都拿不起来 | AH11: 残疾人士 | AI11: 固有Buff：病弱 | AJ11: 连说话都困难 | AK11: 迷惘的人啊 | AL11: 你出生的时候居然没被掐死
A12: 12 | B12: =IF(法术书I!W19="","",法术书I!W19) | C12: =IFERROR(VLOOKUP(B12,列表!$B:$B,1,FALSE),"QuQ") -> QuQ | D12: =IFERROR(VLOOKUP(C12,列表!$B:$T,17,FALSE),"") | E12: 12 | F12: =IF(法术书II!W19="","",法术书II!W19) | G12: =IFERROR(VLOOKUP(F12,列表!$B:$B,1,FALSE),"QuQ") -> QuQ | H12: =IFERROR(VLOOKUP(G12,列表!$B:$T,17,FALSE),"") | I12: 12 | J12: =IF(法术书III!W19="","",法术书III!W19) | K12: =IFERROR(VLOOKUP(J12,列表!$B:$B,1,FALSE),"QuQ") -> QuQ | L12: =IFERROR(VLOOKUP(K12,列表!$B:$T,17,FALSE),"") | O12: 牧师 | P12: =主要!I19+主要!Y3 -> 0 | Q12: - | R12: 死亡豁免失败 | T12: 头发 | U12: 重型 | X12: 匕首 | Y12: 2gp | Z12: 1d4穿刺 | AA12: 1lb | AB12: 灵巧，轻，投掷（射程20/60） | AC12: =IF(主要!$I$11>=主要!$I$13,"力量","敏捷") -> 力量 | AF12: 3 | AG12: 鸡的力量都比你强 | AH12: 无法行动自如 | AI12: 突然挂掉都不是奇怪的事情 | AJ12: 目不识丁 | AK12: 上错过厕所 | AL12: 路边的狗可能会冲过来咬你
A13: 13 | B13: =IF(法术书I!W20="","",法术书I!W20) | C13: =IFERROR(VLOOKUP(B13,列表!$B:$B,1,FALSE),"QuQ") -> QuQ | D13: =IFERROR(VLOOKUP(C13,列表!$B:$T,17,FALSE),"") | E13: 13 | F13: =IF(法术书II!W20="","",法术书II!W20) | G13: =IFERROR(VLOOKUP(F13,列表!$B:$B,1,FALSE),"QuQ") -> QuQ | H13: =IFERROR(VLOOKUP(G13,列表!$B:$T,17,FALSE),"") | I13: 13 | J13: =IF(法术书III!W20="","",法术书III!W20) | K13: =IFERROR(VLOOKUP(J13,列表!$B:$B,1,FALSE),"QuQ") -> QuQ | L13: =IFERROR(VLOOKUP(K13,列表!$B:$T,17,FALSE),"") | O13: 圣武士 | P13: =主要!I19+INT(主要!Y3/2) -> 0 | Q13: 男 | R13: FALSE | T13: 面部 | U13: 盾牌 | X13: 巨棒 | Y13: 2sp | Z13: 1d8钝击 | AA13: 10lb | AB13: 双手 | AC13: 力量 | AE13: 2 | AF13: 4 | AG13: 手无抓鸡之力 | AH13: 腿脚不灵活 | AI13: 您的每一天都是上天的恩赐 | AJ13: 你能看得懂这行字？ | AK13: 经常迷路 | AL13: 容易被排斥
A14: 14 | B14: =IF(法术书I!W21="","",法术书I!W21) | C14: =IFERROR(VLOOKUP(B14,列表!$B:$B,1,FALSE),"QuQ") -> QuQ | D14: =IFERROR(VLOOKUP(C14,列表!$B:$T,17,FALSE),"") | E14: 14 | F14: =IF(法术书II!W21="","",法术书II!W21) | G14: =IFERROR(VLOOKUP(F14,列表!$B:$B,1,FALSE),"QuQ") -> QuQ | H14: =IFERROR(VLOOKUP(G14,列表!$B:$T,17,FALSE),"") | I14: 14 | J14: =IF(法术书III!W21="","",法术书III!W21) | K14: =IFERROR(VLOOKUP(J14,列表!$B:$B,1,FALSE),"QuQ") -> QuQ | L14: =IFERROR(VLOOKUP(K14,列表!$B:$T,17,FALSE),"") | O14: 德鲁伊 | P14: =主要!I19+主要!Y3 -> 0 | Q14: 女 | R14: FALSE | T14: 颈部 | U14: 穿刺 | X14: 手斧 | Y14: 5gp | Z14: 1d6挥砍 | AA14: 2lb | AB14: 轻，投掷（射程20/60） | AC14: 力量 | AF14: 5 | AG14: 恭喜你超越了鸡的力量 | AH14: 平地摔是你的家常便饭 | AI14: 常年病痛缠身 | AJ14: 阿库娅与你同在 | AK14: 在楼房里面找不到房间 | AL14: 可能会被人刁难
A15: 15 | B15: =IF(法术书I!W22="","",法术书I!W22) | C15: =IFERROR(VLOOKUP(B15,列表!$B:$B,1,FALSE),"QuQ") -> QuQ | D15: =IFERROR(VLOOKUP(C15,列表!$B:$T,17,FALSE),"") | E15: 15 | F15: =IF(法术书II!W22="","",法术书II!W22) | G15: =IFERROR(VLOOKUP(F15,列表!$B:$B,1,FALSE),"QuQ") -> QuQ | H15: =IFERROR(VLOOKUP(G15,列表!$B:$T,17,FALSE),"") | I15: 15 | J15: =IF(法术书III!W22="","",法术书III!W22) | K15: =IFERROR(VLOOKUP(J15,列表!$B:$B,1,FALSE),"QuQ") -> QuQ | L15: =IFERROR(VLOOKUP(K15,列表!$B:$T,17,FALSE),"") | O15: 武僧 | P15: 0v0？ | Q15: 扶她 | R15: FALSE | T15: 身体 | U15: 挥砍 | X15: 标枪 | Y15: 5sp | Z15: 1d6穿刺 | AA15: 2lb | AB15: 投掷（射程30/120） | AC15: 力量 | AF15: 6 | AG15: 拿多点东西都气喘吁吁 | AH15: 经常莫名其妙的撞上什么 | AI15: 经常需要躺下休息 | AJ15: 学不下什么东西 | AK15: 东西放在眼前就是找不到 | AL15: 可能会受到种种审视
A16: 16 | B16: =IF(法术书I!W23="","",法术书I!W23) | C16: =IFERROR(VLOOKUP(B16,列表!$B:$B,1,FALSE),"QuQ") -> QuQ | D16: =IFERROR(VLOOKUP(C16,列表!$B:$T,17,FALSE),"") | E16: 16 | F16: =IF(法术书II!W23="","",法术书II!W23) | G16: =IFERROR(VLOOKUP(F16,列表!$B:$B,1,FALSE),"QuQ") -> QuQ | H16: =IFERROR(VLOOKUP(G16,列表!$B:$T,17,FALSE),"") | I16: 16 | J16: =IF(法术书III!W23="","",法术书III!W23) | K16: =IFERROR(VLOOKUP(J16,列表!$B:$B,1,FALSE),"QuQ") -> QuQ | L16: =IFERROR(VLOOKUP(K16,列表!$B:$T,17,FALSE),"") | O16: 术士 | P16: 0v0？ | Q16: 秀吉 | R16: =COUNTIF(R13:R15,TRUE) -> 0 | T16: 肩膀 | U16: 钝击 | X16: 轻锤 | Y16: 2gp | Z16: 1d4钝击 | AA16: 2lb | AB16: 轻，投掷（射程20/60） | AC16: 力量 | AE16: 3 | AF16: 7 | AG16: 穿脱衣服都有些吃力 | AH16: 走在平地上都会摔倒 | AI16: 可能有贫血什么的 | AJ16: 没有受过太多的教育 | AK16: 偶尔会犯迷糊 | AL16: 所有的人都觉得可以轻而易举地说服你
A17: 17 | B17: =IF(法术书I!W24="","",法术书I!W24) | C17: =IFERROR(VLOOKUP(B17,列表!$B:$B,1,FALSE),"QuQ") -> QuQ | D17: =IFERROR(VLOOKUP(C17,列表!$B:$T,17,FALSE),"") | E17: 17 | F17: =IF(法术书II!W24="","",法术书II!W24) | G17: =IFERROR(VLOOKUP(F17,列表!$B:$B,1,FALSE),"QuQ") -> QuQ | H17: =IFERROR(VLOOKUP(G17,列表!$B:$T,17,FALSE),"") | I17: 17 | J17: =IF(法术书III!W24="","",法术书III!W24) | K17: =IFERROR(VLOOKUP(J17,列表!$B:$B,1,FALSE),"QuQ") -> QuQ | L17: =IFERROR(VLOOKUP(K17,列表!$B:$T,17,FALSE),"") | O17: 游荡者 | P17: 0v0？ | Q17: 朕 | T17: 胸前 | U17: 冷冻 | X17: 硬头锤 | Y17: 5gp | Z17: 1d6钝击 | AA17: 4lb | AB17: - | AC17: 力量 | AF17: 8 | AG17: 你揍人就像在给对方按摩 | AH17: 不上不下真尴尬 | AI17: 健康状况堪忧 | AJ17: 你可能会怀疑你是不是健忘 | AK17: 关键时刻掉链子 | AL17: 你的说服力还是可以的
A18: 18 | B18: =IF(法术书I!W25="","",法术书I!W25) | C18: =IFERROR(VLOOKUP(B18,列表!$B:$B,1,FALSE),"QuQ") -> QuQ | D18: =IFERROR(VLOOKUP(C18,列表!$B:$T,17,FALSE),"") | E18: 18 | F18: =IF(法术书II!W25="","",法术书II!W25) | G18: =IFERROR(VLOOKUP(F18,列表!$B:$B,1,FALSE),"QuQ") -> QuQ | H18: =IFERROR(VLOOKUP(G18,列表!$B:$T,17,FALSE),"") | I18: 18 | J18: =IF(法术书III!W25="","",法术书III!W25) | K18: =IFERROR(VLOOKUP(J18,列表!$B:$B,1,FALSE),"QuQ") -> QuQ | L18: =IFERROR(VLOOKUP(K18,列表!$B:$T,17,FALSE),"") | O18: 法师 | P18: =主要!I17+主要!Y3 -> 0 | R18: 体型 | T18: 背后 | U18: 火焰 | X18: 木棍 | Y18: 2sp | Z18: 1d6钝击 | AA18: 4lb | AB18: 多用途(1d8) | AC18: 力量 | AF18: 9 | AG18: 比正常人稍微差一点 | AH18: 比正常人稍微差一点 | AI18: 比正常人稍微差一点 | AJ18: 思维比别人慢一拍 | AK18: 比正常人稍微差一点 | AL18: 比正常人稍微差一点
A19: 19 | B19: =IF(法术书I!W26="","",法术书I!W26) | C19: =IFERROR(VLOOKUP(B19,列表!$B:$B,1,FALSE),"QuQ") -> QuQ | D19: =IFERROR(VLOOKUP(C19,列表!$B:$T,17,FALSE),"") | E19: 19 | F19: =IF(法术书II!W26="","",法术书II!W26) | G19: =IFERROR(VLOOKUP(F19,列表!$B:$B,1,FALSE),"QuQ") -> QuQ | H19: =IFERROR(VLOOKUP(G19,列表!$B:$T,17,FALSE),"") | I19: 19 | J19: =IF(法术书III!W26="","",法术书III!W26) | K19: =IFERROR(VLOOKUP(J19,列表!$B:$B,1,FALSE),"QuQ") -> QuQ | L19: =IFERROR(VLOOKUP(K19,列表!$B:$T,17,FALSE),"") | O19: 游侠 | P19: 0v0？ | R19: 微型 | T19: 腰部 | U19: 闪电 | X19: 镰刀 | Y19: 1gp | Z19: 1d4挥砍 | AA19: 2lb | AB19: 轻 | AC19: 力量 | AE19: 4 | AF19: 10 | AG19: 有正常人的力量 | AH19: 普通人的水准 | AI19: 正常人的体质 | AJ19: 正常人的智力 | AK19: 你醒啦，你很正常 | AL19: 讨价还价的能力不错
A20: 20 | B20: =IF(法术书I!W27="","",法术书I!W27) | C20: =IFERROR(VLOOKUP(B20,列表!$B:$B,1,FALSE),"QuQ") -> QuQ | D20: =IFERROR(VLOOKUP(C20,列表!$B:$T,17,FALSE),"") | E20: 20 | F20: =IF(法术书II!W27="","",法术书II!W27) | G20: =IFERROR(VLOOKUP(F20,列表!$B:$B,1,FALSE),"QuQ") -> QuQ | H20: =IFERROR(VLOOKUP(G20,列表!$B:$T,17,FALSE),"") | I20: 20 | J20: =IF(法术书III!W27="","",法术书III!W27) | K20: =IFERROR(VLOOKUP(J20,列表!$B:$B,1,FALSE),"QuQ") -> QuQ | L20: =IFERROR(VLOOKUP(K20,列表!$B:$T,17,FALSE),"") | O20: 邪术师 | P20: 0v0？ | R20: 小型 | T20: 胯间 | U20: 力场 | X20: 矛 | Y20: 1gp | Z20: 1d6穿刺 | AA20: 3lb | AB20: 投掷（射程20/60），多用途(1d8) | AC20: 力量 | AF20: 11 | AG20: 在这个档次，做到欺软怕硬是没有问题的 | AH20: 可以徒手抓住苍蝇 | AI20: 疾病对于您来说，应该是偶发事故 | AJ20: 可以耍耍小聪明 | AK20: 找东西的时候方便一些 | AL20: 可以很容易地虎躯一震
A21: 21 | B21: =IF(法术书I!W28="","",法术书I!W28) | C21: =IFERROR(VLOOKUP(B21,列表!$B:$B,1,FALSE),"QuQ") -> QuQ | D21: =IFERROR(VLOOKUP(C21,列表!$B:$T,17,FALSE),"") | E21: 21 | F21: =IF(法术书II!W28="","",法术书II!W28) | G21: =IFERROR(VLOOKUP(F21,列表!$B:$B,1,FALSE),"QuQ") -> QuQ | H21: =IFERROR(VLOOKUP(G21,列表!$B:$T,17,FALSE),"") | I21: 21 | J21: =IF(法术书III!W28="","",法术书III!W28) | K21: =IFERROR(VLOOKUP(J21,列表!$B:$B,1,FALSE),"QuQ") -> QuQ | L21: =IFERROR(VLOOKUP(K21,列表!$B:$T,17,FALSE),"") | R21: 中型 | T21: 左脚 | U21: 光耀 | V21: - | W21: 简单远程武器 | X21: 轻弩 | Y21: 25gp | Z21: 1d8穿刺 | AA21: 5lb | AB21: 弹药（射程80/320），装填，双手 | AC21: 敏捷 | AF21: 12 | AG21: 经常锻炼的人能够达到的水平，可以很轻松地连续做上50个俯卧撑 | AH21: 可以用筷子夹住苍蝇 | AI21: 基本上没有吃过什么药，不是说不得病，但基本上抗一抗就过去了 | AJ21: 人才啊 | AK21: 可以注意到别人注意不到的细节 | AL21: 勉勉强强可以放出一丝王霸之气
A22: 22 | B22: =IF(法术书I!W29="","",法术书I!W29) | C22: =IFERROR(VLOOKUP(B22,列表!$B:$B,1,FALSE),"QuQ") -> QuQ | D22: =IFERROR(VLOOKUP(C22,列表!$B:$T,17,FALSE),"") | E22: 22 | F22: =IF(法术书II!W29="","",法术书II!W29) | G22: =IFERROR(VLOOKUP(F22,列表!$B:$B,1,FALSE),"QuQ") -> QuQ | H22: =IFERROR(VLOOKUP(G22,列表!$B:$T,17,FALSE),"") | I22: 22 | J22: =IF(法术书III!W29="","",法术书III!W29) | K22: =IFERROR(VLOOKUP(J22,列表!$B:$B,1,FALSE),"QuQ") -> QuQ | L22: =IFERROR(VLOOKUP(K22,列表!$B:$T,17,FALSE),"") | O22: 经验值 | R22: 大型 | T22: 右脚 | U22: 黯蚀 | V22: √ | X22: 飞镖 | Y22: 5cp | Z22: 1d4穿刺 | AA22: 1/4lb | AB22: 灵巧，投掷(射程20/60) | AC22: =IF(主要!$I$11>=主要!$I$13,"力量","敏捷") -> 力量 | AE22: 5 | AF22: 13 | AG22: 一拳一个小朋友 | AH22: 很不错的反应能力，可以在旋转的硬币落下的一瞬间看出是哪面落地 | AI22: 一般的磕磕碰碰都不放在眼里 | AJ22: 可以很轻松地取得别人要刻苦努力才能得到的成绩 | AK22: 可以推断出一些别人不知道的东西 | AL22: 人们更容易接受你的意见
A23: 23 | B23: =IF(法术书I!W30="","",法术书I!W30) | C23: =IFERROR(VLOOKUP(B23,列表!$B:$B,1,FALSE),"QuQ") -> QuQ | D23: =IFERROR(VLOOKUP(C23,列表!$B:$T,17,FALSE),"") | E23: 23 | F23: =IF(法术书II!W30="","",法术书II!W30) | G23: =IFERROR(VLOOKUP(F23,列表!$B:$B,1,FALSE),"QuQ") -> QuQ | H23: =IFERROR(VLOOKUP(G23,列表!$B:$T,17,FALSE),"") | I23: 23 | J23: =IF(法术书III!W30="","",法术书III!W30) | K23: =IFERROR(VLOOKUP(J23,列表!$B:$B,1,FALSE),"QuQ") -> QuQ | L23: =IFERROR(VLOOKUP(K23,列表!$B:$T,17,FALSE),"") | O23: Exp | P23: Lv | R23: 巨型 | T23: 双脚 | U23: 毒素 | X23: 短弓 | Y23: 25gp | Z23: 1d6穿刺 | AA23: 2lb | AB23: 弹药（射程80/320），双手 | AC23: 敏捷 | AF23: 14
A24: 24 | B24: =IF(法术书I!W31="","",法术书I!W31) | C24: =IFERROR(VLOOKUP(B24,列表!$B:$B,1,FALSE),"QuQ") -> QuQ | D24: =IFERROR(VLOOKUP(C24,列表!$B:$T,17,FALSE),"") | E24: 24 | F24: =IF(法术书II!W31="","",法术书II!W31) | G24: =IFERROR(VLOOKUP(F24,列表!$B:$B,1,FALSE),"QuQ") -> QuQ | H24: =IFERROR(VLOOKUP(G24,列表!$B:$T,17,FALSE),"") | I24: 24 | J24: =IF(法术书III!W31="","",法术书III!W31) | K24: =IFERROR(VLOOKUP(J24,列表!$B:$B,1,FALSE),"QuQ") -> QuQ | L24: =IFERROR(VLOOKUP(K24,列表!$B:$T,17,FALSE),"") | O24: 0 | P24: 1 | R24: 超巨型 | T24: 左腿 | U24: 精神 | X24: 投石索 | Y24: 1sp | Z24: 1d4钝击 | AA24: - | AB24: 弹药（射程30/120） | AC24: 敏捷 | AF24: 15
A25: 25 | B25: =IF(法术书I!W32="","",法术书I!W32) | C25: =IFERROR(VLOOKUP(B25,列表!$B:$B,1,FALSE),"QuQ") -> QuQ | D25: =IFERROR(VLOOKUP(C25,列表!$B:$T,17,FALSE),"") | E25: 25 | F25: =IF(法术书II!W32="","",法术书II!W32) | G25: =IFERROR(VLOOKUP(F25,列表!$B:$B,1,FALSE),"QuQ") -> QuQ | H25: =IFERROR(VLOOKUP(G25,列表!$B:$T,17,FALSE),"") | I25: 25 | J25: =IF(法术书III!W32="","",法术书III!W32) | K25: =IFERROR(VLOOKUP(J25,列表!$B:$B,1,FALSE),"QuQ") -> QuQ | L25: =IFERROR(VLOOKUP(K25,列表!$B:$T,17,FALSE),"") | O25: 300 | P25: 2 | T25: 右腿 | U25: 雷呜 | W25: 军用近战武器 | X25: 战斧 | Y25: 10gp | Z25: 1d8挥砍 | AA25: 4lb | AB25: 多用途(1d10) | AC25: 力量 | AE25: 6 | AF25: 16 | AG25: 超乎常人的力度 | AH25: 左右横跳 | AI25: 你从来就不知道什么叫生病 | AJ25: 就是个天才 | AK25: 身边的一切风吹草动都逃不出您的敏锐的目光 | AL25: 您不经意间的一举一动都有可能吸引着其他人
A26: 26 | B26: =IF(法术书I!W33="","",法术书I!W33) | C26: =IFERROR(VLOOKUP(B26,列表!$B:$B,1,FALSE),"QuQ") -> QuQ | D26: =IFERROR(VLOOKUP(C26,列表!$B:$T,17,FALSE),"") | E26: 26 | F26: =IF(法术书II!W33="","",法术书II!W33) | G26: =IFERROR(VLOOKUP(F26,列表!$B:$B,1,FALSE),"QuQ") -> QuQ | H26: =IFERROR(VLOOKUP(G26,列表!$B:$T,17,FALSE),"") | I26: 26 | J26: =IF(法术书III!W33="","",法术书III!W33) | K26: =IFERROR(VLOOKUP(J26,列表!$B:$B,1,FALSE),"QuQ") -> QuQ | L26: =IFERROR(VLOOKUP(K26,列表!$B:$T,17,FALSE),"") | O26: 900 | P26: 3 | R26: 装备同调数量 | T26: 双腿 | U26: 强酸 | X26: 链枷 | Y26: 10gp | Z26: 1d8钝击 | AA26: 2lb | AB26: - | AC26: 力量 | AF26: 17
A27: 27 | B27: =IF(法术书I!W34="","",法术书I!W34) | C27: =IFERROR(VLOOKUP(B27,列表!$B:$B,1,FALSE),"QuQ") -> QuQ | D27: =IFERROR(VLOOKUP(C27,列表!$B:$T,17,FALSE),"") | E27: 27 | F27: =IF(法术书II!W34="","",法术书II!W34) | G27: =IFERROR(VLOOKUP(F27,列表!$B:$B,1,FALSE),"QuQ") -> QuQ | H27: =IFERROR(VLOOKUP(G27,列表!$B:$T,17,FALSE),"") | I27: 27 | J27: =IF(法术书III!W34="","",法术书III!W34) | K27: =IFERROR(VLOOKUP(J27,列表!$B:$B,1,FALSE),"QuQ") -> QuQ | L27: =IFERROR(VLOOKUP(K27,列表!$B:$T,17,FALSE),"") | O27: =O26*P26 -> 2700 | P27: 4 | R27: FALSE | T27: 左手 | X27: 大砍刀 | Y27: 20gp | Z27: 1d10挥砍 | AA27: 6lb | AB27: 重型，触及，双手 | AC27: 力量 | AF27: 18 | AG27: 达到人类极限力量 | AH27: 超越人类的敏捷 | AI27: 生命力旺盛，被人打趴数次还可以站起来继续的那种 | AJ27: 睿智的目光 | AK27: 这个世界上的一切联系都可以被您所感知 | AL27: 请注意你的其他属性，因为你很容易被犯罪
A28: 28 | B28: =IF(法术书I!W35="","",法术书I!W35) | C28: =IFERROR(VLOOKUP(B28,列表!$B:$B,1,FALSE),"QuQ") -> QuQ | D28: =IFERROR(VLOOKUP(C28,列表!$B:$T,17,FALSE),"") | E28: 28 | F28: =IF(法术书II!W35="","",法术书II!W35) | G28: =IFERROR(VLOOKUP(F28,列表!$B:$B,1,FALSE),"QuQ") -> QuQ | H28: =IFERROR(VLOOKUP(G28,列表!$B:$T,17,FALSE),"") | I28: 28 | J28: =IF(法术书III!W35="","",法术书III!W35) | K28: =IFERROR(VLOOKUP(J28,列表!$B:$B,1,FALSE),"QuQ") -> QuQ | L28: =IFERROR(VLOOKUP(K28,列表!$B:$T,17,FALSE),"") | O28: 6500 | P28: 5 | R28: FALSE | T28: 右手 | X28: 巨斧 | Y28: 30gp | Z28: 1d12挥砍 | AA28: 7lb | AB28: 重型，双手 | AC28: 力量 | AE28: 7 | AF28: 19 | AG28: 超越人类极限的力量 | AH28: 你跑步的样子像香港记者 | AI28: 天生的肉盾 | AJ28: 超凡的智慧 | AK28: 你开始注意到一些本来不该是人类所注意的东西了 | AL28: 红颜祸水指的就是你
A29: 29 | B29: =IF(法术书I!W36="","",法术书I!W36) | C29: =IFERROR(VLOOKUP(B29,列表!$B:$B,1,FALSE),"QuQ") -> QuQ | D29: =IFERROR(VLOOKUP(C29,列表!$B:$T,17,FALSE),"") | E29: 29 | F29: =IF(法术书II!W36="","",法术书II!W36) | G29: =IFERROR(VLOOKUP(F29,列表!$B:$B,1,FALSE),"QuQ") -> QuQ | H29: =IFERROR(VLOOKUP(G29,列表!$B:$T,17,FALSE),"") | I29: 29 | J29: =IF(法术书III!W36="","",法术书III!W36) | K29: =IFERROR(VLOOKUP(J29,列表!$B:$B,1,FALSE),"QuQ") -> QuQ | L29: =IFERROR(VLOOKUP(K29,列表!$B:$T,17,FALSE),"") | O29: 14000 | P29: 6 | R29: FALSE | T29: 双手 | X29: 巨剑 | Y29: 50gp | Z29: 2d6挥砍 | AA29: 6lb | AB29: 重型，双手 | AC29: 力量 | AE29: 8 | AF29: 20 | AG29: 熊的力量！ | AH29: 无与伦比的运动神经 | AI29: 或许有复数血条 | AJ29: 你可以改变世界 | AK29: 所有的谎言在你面前无所遁形 | AL29: 沉鱼落雁，闭月羞花
A30: 30 | B30: =IF(法术书I!W37="","",法术书I!W37) | C30: =IFERROR(VLOOKUP(B30,列表!$B:$B,1,FALSE),"QuQ") -> QuQ | D30: =IFERROR(VLOOKUP(C30,列表!$B:$T,17,FALSE),"") | E30: 30 | F30: =IF(法术书II!W37="","",法术书II!W37) | G30: =IFERROR(VLOOKUP(F30,列表!$B:$B,1,FALSE),"QuQ") -> QuQ | H30: =IFERROR(VLOOKUP(G30,列表!$B:$T,17,FALSE),"") | I30: 30 | J30: =IF(法术书III!W37="","",法术书III!W37) | K30: =IFERROR(VLOOKUP(J30,列表!$B:$B,1,FALSE),"QuQ") -> QuQ | L30: =IFERROR(VLOOKUP(K30,列表!$B:$T,17,FALSE),"") | O30: 23000 | P30: 7 | R30: FALSE | T30: 左臂 | X30: 戟 | Y30: 20gp | Z30: 1d10挥砍 | AA30: 6lb | AB30: 重型，触及，双手 | AC30: 力量 | AF30: 21 | AG30: 怪物之力 | AH30: 跑得比香港记者还快 | AI30: 大概只有天灾才杀死这种人 | AJ30: 或许是参透法则之人 | AK30: 路过坟墓你就能看见鬼魂，经过战场你就能听见哀号 | AL30: 您的敌人也可能会倾向于你
A31: 31 | B31: =IF(法术书I!W38="","",法术书I!W38) | C31: =IFERROR(VLOOKUP(B31,列表!$B:$B,1,FALSE),"QuQ") -> QuQ | D31: =IFERROR(VLOOKUP(C31,列表!$B:$T,17,FALSE),"") | E31: 31 | F31: =IF(法术书II!W38="","",法术书II!W38) | G31: =IFERROR(VLOOKUP(F31,列表!$B:$B,1,FALSE),"QuQ") -> QuQ | H31: =IFERROR(VLOOKUP(G31,列表!$B:$T,17,FALSE),"") | I31: 31 | J31: =IF(法术书III!W38="","",法术书III!W38) | K31: =IFERROR(VLOOKUP(J31,列表!$B:$B,1,FALSE),"QuQ") -> QuQ | L31: =IFERROR(VLOOKUP(K31,列表!$B:$T,17,FALSE),"") | O31: 34000 | P31: 8 | R31: FALSE | T31: 右臂 | X31: 骑枪 | Y31: 10gp | Z31: 1d12穿刺 | AA31: 6lb | AB31: 触及，特殊 | AC31: 力量 | AF31: 22 | AG31: 吃饭的时候经常不小心捏碎十几个盘子 | AH31: 只要你想要，世界上没什么你弄不到东西 | AI31: 被杀不一定会死 | AJ31: 用睿智这个词来形容你都已经是一种侮辱了 | AK31: 敌人的隐形和变形对你来说毫无意义 | AL31: 你很少动刀动枪，因为只要有你的存在就能化解绝大多数的纷争
A32: 32 | B32: =IF(法术书I!W39="","",法术书I!W39) | C32: =IFERROR(VLOOKUP(B32,列表!$B:$B,1,FALSE),"QuQ") -> QuQ | D32: =IFERROR(VLOOKUP(C32,列表!$B:$T,17,FALSE),"") | E32: 32 | F32: =IF(法术书II!W39="","",法术书II!W39) | G32: =IFERROR(VLOOKUP(F32,列表!$B:$B,1,FALSE),"QuQ") -> QuQ | H32: =IFERROR(VLOOKUP(G32,列表!$B:$T,17,FALSE),"") | I32: 32 | J32: =IF(法术书III!W39="","",法术书III!W39) | K32: =IFERROR(VLOOKUP(J32,列表!$B:$B,1,FALSE),"QuQ") -> QuQ | L32: =IFERROR(VLOOKUP(K32,列表!$B:$T,17,FALSE),"") | O32: 48000 | P32: 9 | R32: FALSE | T32: 双臂 | X32: 长剑 | Y32: 15gp | Z32: 1d8挥砍 | AA32: 3lb | AB32: 多用途(1d10） | AC32: 力量 | AF32: 23 | AG32: 经常不小心将别人摸成骨折，当地的骨科医生都很喜欢你 | AH32: 几乎没有东西有足够的速度能伤害到你 | AI32: 最受欢迎的肉盾 | AJ32: 你一眼就能看清事物的本质，再没有任何事物能够引起你的好奇 | AK32: 任何生物在你眼中他的一生命运都历历在目，任何非生物的历史你也一目了然 | AL32: 只有意志最坚定的人才能直视你
A33: 33 | B33: =IF(法术书I!W40="","",法术书I!W40) | C33: =IFERROR(VLOOKUP(B33,列表!$B:$B,1,FALSE),"QuQ") -> QuQ | D33: =IFERROR(VLOOKUP(C33,列表!$B:$T,17,FALSE),"") | E33: 33 | F33: =IF(法术书II!W40="","",法术书II!W40) | G33: =IFERROR(VLOOKUP(F33,列表!$B:$B,1,FALSE),"QuQ") -> QuQ | H33: =IFERROR(VLOOKUP(G33,列表!$B:$T,17,FALSE),"") | I33: 33 | J33: =IF(法术书III!W40="","",法术书III!W40) | K33: =IFERROR(VLOOKUP(J33,列表!$B:$B,1,FALSE),"QuQ") -> QuQ | L33: =IFERROR(VLOOKUP(K33,列表!$B:$T,17,FALSE),"") | O33: 64000 | P33: 10 | R33: FALSE | T33: 全身 | X33: 巨锤 | Y33: 10gp | Z33: 2d6钝击 | AA33: 10lb | AB33: 重型，双手 | AC33: 力量 | AF33: 24 | AG33: 你付账的时候从口袋里掏出来的，往往不是金币而是被巨大的力量捏成一坨的金块 | AH33: 战斗的时候，敌人最头痛的就是你，因为他根本砍不到你 | AI33: 强壮的体质使你在冒险团队中所向无敌 | AJ33: 世间的一切在你眼中都索然无味 | AK33: 世界上所有的神祗都在要求你做他们的使徒 | AL33: 你的一个眼神、一个动作，都可能轻易的左右其他人的思想，决定国家的存亡
A34: 34 | B34: =IF(法术书I!W41="","",法术书I!W41) | C34: =IFERROR(VLOOKUP(B34,列表!$B:$B,1,FALSE),"QuQ") -> QuQ | D34: =IFERROR(VLOOKUP(C34,列表!$B:$T,17,FALSE),"") | E34: 34 | F34: =IF(法术书II!W41="","",法术书II!W41) | G34: =IFERROR(VLOOKUP(F34,列表!$B:$B,1,FALSE),"QuQ") -> QuQ | H34: =IFERROR(VLOOKUP(G34,列表!$B:$T,17,FALSE),"") | I34: 34 | J34: =IF(法术书III!W41="","",法术书III!W41) | K34: =IFERROR(VLOOKUP(J34,列表!$B:$B,1,FALSE),"QuQ") -> QuQ | L34: =IFERROR(VLOOKUP(K34,列表!$B:$T,17,FALSE),"") | O34: 85000 | P34: 11 | R34: FALSE | X34: 钉头锤 | Y34: 15gp | Z34: 1d8穿刺 | AA34: 4lb | AB34: - | AC34: 力量 | AF34: 25 | AG34: 因为你的存在，你所居住的小镇已经很多年没有买过起重机了 | AH34: 你从别人身边走过，别人会以为只是一阵风吹过 | AI34: 传奇肉盾 | AJ34: 完全可以去客串半神巫妖 | AK34: 你能够直接倾听神祗的话语与神交流，你就是真正的神使 | AL34: 天上的众神为了争夺你打的不可开交，深渊中的恶魔因为你的存在而不愿破坏世界
A35: 35 | B35: =IF(法术书I!W42="","",法术书I!W42) | C35: =IFERROR(VLOOKUP(B35,列表!$B:$B,1,FALSE),"QuQ") -> QuQ | D35: =IFERROR(VLOOKUP(C35,列表!$B:$T,17,FALSE),"") | E35: 35 | F35: =IF(法术书II!W42="","",法术书II!W42) | G35: =IFERROR(VLOOKUP(F35,列表!$B:$B,1,FALSE),"QuQ") -> QuQ | H35: =IFERROR(VLOOKUP(G35,列表!$B:$T,17,FALSE),"") | I35: 35 | J35: =IF(法术书III!W42="","",法术书III!W42) | K35: =IFERROR(VLOOKUP(J35,列表!$B:$B,1,FALSE),"QuQ") -> QuQ | L35: =IFERROR(VLOOKUP(K35,列表!$B:$T,17,FALSE),"") | O35: 100000 | P35: 12 | R35: FALSE | T35: - | X35: 长矛 | Y35: 5gp | Z35: 1d10穿刺 | AA35: 18lb | AB35: 重型，触及，双手 | AC35: 力量
A36: 36 | B36: =IF(法术书I!W43="","",法术书I!W43) | C36: =IFERROR(VLOOKUP(B36,列表!$B:$B,1,FALSE),"QuQ") -> QuQ | D36: =IFERROR(VLOOKUP(C36,列表!$B:$T,17,FALSE),"") | E36: 36 | F36: =IF(法术书II!W43="","",法术书II!W43) | G36: =IFERROR(VLOOKUP(F36,列表!$B:$B,1,FALSE),"QuQ") -> QuQ | H36: =IFERROR(VLOOKUP(G36,列表!$B:$T,17,FALSE),"") | I36: 36 | J36: =IF(法术书III!W43="","",法术书III!W43) | K36: =IFERROR(VLOOKUP(J36,列表!$B:$B,1,FALSE),"QuQ") -> QuQ | L36: =IFERROR(VLOOKUP(K36,列表!$B:$T,17,FALSE),"") | O36: 120000 | P36: 13 | R36: FALSE | T36: 轻型 | V36: =主要!$I$13 -> 0 | X36: 刺剑 | Y36: 25gp | Z36: 1d8穿刺 | AA36: 2lb | AB36: 灵巧 | AC36: =IF(主要!$I$11>=主要!$I$13,"力量","敏捷") -> 力量 | AG36: 力量 | AH36: 敏捷 | AI36: 体质 | AJ36: 智力 | AK36: 感知 | AL36: 魅力
A37: 37 | B37: =IF(法术书I!W44="","",法术书I!W44) | C37: =IFERROR(VLOOKUP(B37,列表!$B:$B,1,FALSE),"QuQ") -> QuQ | D37: =IFERROR(VLOOKUP(C37,列表!$B:$T,17,FALSE),"") | E37: 37 | F37: =IF(法术书II!W44="","",法术书II!W44) | G37: =IFERROR(VLOOKUP(F37,列表!$B:$B,1,FALSE),"QuQ") -> QuQ | H37: =IFERROR(VLOOKUP(G37,列表!$B:$T,17,FALSE),"") | I37: 37 | J37: =IF(法术书III!W44="","",法术书III!W44) | K37: =IFERROR(VLOOKUP(J37,列表!$B:$B,1,FALSE),"QuQ") -> QuQ | L37: =IFERROR(VLOOKUP(K37,列表!$B:$T,17,FALSE),"") | O37: 140000 | P37: 14 | R37: FALSE | T37: 中型 | U37: 2 | V37: =IF(主要!$I$13>=U37,U37,主要!$I$13) -> 0 | X37: 弯刀 | Y37: 25gp | Z37: 1d6挥砍 | AA37: 3lb | AB37: 灵巧，轻 | AC37: =IF(主要!$I$11>=主要!$I$13,"力量","敏捷") -> 力量 | AG37: =IF(主要!F11<>"",主要!F11,"") -> 10 | AH37: =IF(主要!F13<>"",主要!F13,"") -> 10 | AI37: =IF(主要!F15<>"",主要!F15,"") -> 10 | AJ37: =IF(主要!F17<>"",主要!F17,"") -> 10 | AK37: =IF(主要!F19<>"",主要!F19,"") -> 10 | AL37: =IF(主要!F21<>"",主要!F21,"") -> 10
A38: 38 | B38: =IF(法术书I!W45="","",法术书I!W45) | C38: =IFERROR(VLOOKUP(B38,列表!$B:$B,1,FALSE),"QuQ") -> QuQ | D38: =IFERROR(VLOOKUP(C38,列表!$B:$T,17,FALSE),"") | E38: 38 | F38: =IF(法术书II!W45="","",法术书II!W45) | G38: =IFERROR(VLOOKUP(F38,列表!$B:$B,1,FALSE),"QuQ") -> QuQ | H38: =IFERROR(VLOOKUP(G38,列表!$B:$T,17,FALSE),"") | I38: 38 | J38: =IF(法术书III!W45="","",法术书III!W45) | K38: =IFERROR(VLOOKUP(J38,列表!$B:$B,1,FALSE),"QuQ") -> QuQ | L38: =IFERROR(VLOOKUP(K38,列表!$B:$T,17,FALSE),"") | O38: 165000 | P38: 15 | R38: FALSE | T38: 重型 | U38: 0 | V38: =IF(主要!$I$13<0,0,IF(主要!$I$13>=U38,U38,主要!$I$13)) -> 0 | X38: 短剑 | Y38: 10gp | Z38: 1d6穿刺 | AA38: 2lb | AB38: 灵巧，轻 | AC38: =IF(主要!$I$11>=主要!$I$13,"力量","敏捷") -> 力量 | AG38: =IF(AG37="","",IF(AG37<=1,AG10,IF(AG37=2,AG11,IF(AG37=3,AG12,IF(AG37=4,AG13,IF(AG37=5,AG14,IF(AG37=6,AG15,IF(AG37=7,AG16,IF(AG37=8,AG17,IF(AG37=9,AG18,IF(AG37=10,AG19,IF(AG37=11,AG20,IF(AG37=12,AG21,IF(AG37<=14,AG22,IF(AG37<=17,AG25,IF(AG37=18,AG27,IF(AG37=19,AG28,IF(AG37=20,AG29,IF(AG37=21,AG30,IF(AG37=22,AG31,IF(AG37=23,AG32,IF(AG37=24,AG33,IF(AG37>=25,AG34))))))))))))))))))))))) -> 有正常人的力量 | AH38: =IF(AH37="","",IF(AH37<=1,AH10,IF(AH37=2,AH11,IF(AH37=3,AH12,IF(AH37=4,AH13,IF(AH37=5,AH14,IF(AH37=6,AH15,IF(AH37=7,AH16,IF(AH37=8,AH17,IF(AH37=9,AH18,IF(AH37=10,AH19,IF(AH37=11,AH20,IF(AH37=12,AH21,IF(AH37<=14,AH22,IF(AH37<=17,AH25,IF(AH37=18,AH27,IF(AH37=19,AH28,IF(AH37=20,AH29,IF(AH37=21,AH30,IF(AH37=22,AH31,IF(AH37=23,AH32,IF(AH37=24,AH33,IF(AH37>=25,AH34))))))))))))))))))))))) -> 普通人的水准 | AI38: =IF(AI37="","",IF(AI37<=1,AI10,IF(AI37=2,AI11,IF(AI37=3,AI12,IF(AI37=4,AI13,IF(AI37=5,AI14,IF(AI37=6,AI15,IF(AI37=7,AI16,IF(AI37=8,AI17,IF(AI37=9,AI18,IF(AI37=10,AI19,IF(AI37=11,AI20,IF(AI37=12,AI21,IF(AI37<=14,AI22,IF(AI37<=17,AI25,IF(AI37=18,AI27,IF(AI37=19,AI28,IF(AI37=20,AI29,IF(AI37=21,AI30,IF(AI37=22,AI31,IF(AI37=23,AI32,IF(AI37=24,AI33,IF(AI37>=25,AI34))))))))))))))))))))))) -> 正常人的体质 | AJ38: =IF(AJ37="","",IF(AJ37<=1,AJ10,IF(AJ37=2,AJ11,IF(AJ37=3,AJ12,IF(AJ37=4,AJ13,IF(AJ37=5,AJ14,IF(AJ37=6,AJ15,IF(AJ37=7,AJ16,IF(AJ37=8,AJ17,IF(AJ37=9,AJ18,IF(AJ37=10,AJ19,IF(AJ37=11,AJ20,IF(AJ37=12,AJ21,IF(AJ37<=14,AJ22,IF(AJ37<=17,AJ25,IF(AJ37=18,AJ27,IF(AJ37=19,AJ28,IF(AJ37=20,AJ29,IF(AJ37=21,AJ30,IF(AJ37=22,AJ31,IF(AJ37=23,AJ32,IF(AJ37=24,AJ33,IF(AJ37>=25,AJ34))))))))))))))))))))))) -> 正常人的智力 | AK38: =IF(AK37="","",IF(AK37<=1,AK10,IF(AK37=2,AK11,IF(AK37=3,AK12,IF(AK37=4,AK13,IF(AK37=5,AK14,IF(AK37=6,AK15,IF(AK37=7,AK16,IF(AK37=8,AK17,IF(AK37=9,AK18,IF(AK37=10,AK19,IF(AK37=11,AK20,IF(AK37=12,AK21,IF(AK37<=14,AK22,IF(AK37<=17,AK25,IF(AK37=18,AK27,IF(AK37=19,AK28,IF(AK37=20,AK29,IF(AK37=21,AK30,IF(AK37=22,AK31,IF(AK37=23,AK32,IF(AK37=24,AK33,IF(AK37>=25,AK34))))))))))))))))))))))) -> 你醒啦，你很正常 | AL38: =IF(AL37="","",IF(AL37<=1,AL10,IF(AL37=2,AL11,IF(AL37=3,AL12,IF(AL37=4,AL13,IF(AL37=5,AL14,IF(AL37=6,AL15,IF(AL37=7,AL16,IF(AL37=8,AL17,IF(AL37=9,AL18,IF(AL37=10,AL19,IF(AL37=11,AL20,IF(AL37=12,AL21,IF(AL37<=14,AL22,IF(AL37<=17,AL25,IF(AL37=18,AL27,IF(AL37=19,AL28,IF(AL37=20,AL29,IF(AL37=21,AL30,IF(AL37=22,AL31,IF(AL37=23,AL32,IF(AL37=24,AL33,IF(AL37>=25,AL34))))))))))))))))))))))) -> 讨价还价的能力不错
A39: 39 | B39: =IF(法术书I!W46="","",法术书I!W46) | C39: =IFERROR(VLOOKUP(B39,列表!$B:$B,1,FALSE),"QuQ") -> QuQ | D39: =IFERROR(VLOOKUP(C39,列表!$B:$T,17,FALSE),"") | E39: 39 | F39: =IF(法术书II!W46="","",法术书II!W46) | G39: =IFERROR(VLOOKUP(F39,列表!$B:$B,1,FALSE),"QuQ") -> QuQ | H39: =IFERROR(VLOOKUP(G39,列表!$B:$T,17,FALSE),"") | I39: 39 | J39: =IF(法术书III!W46="","",法术书III!W46) | K39: =IFERROR(VLOOKUP(J39,列表!$B:$B,1,FALSE),"QuQ") -> QuQ | L39: =IFERROR(VLOOKUP(K39,列表!$B:$T,17,FALSE),"") | O39: 195000 | P39: 16 | R39: FALSE | T39: 盾牌 | V39: ？ | X39: 三叉戟 | Y39: 5gp | Z39: 1d6穿刺 | AA39: 4lb | AB39: 投掷(射程20/60)，多用途(1d8) | AC39: 力量
A40: 40 | B40: =IF(法术书I!W47="","",法术书I!W47) | C40: =IFERROR(VLOOKUP(B40,列表!$B:$B,1,FALSE),"QuQ") -> QuQ | D40: =IFERROR(VLOOKUP(C40,列表!$B:$T,17,FALSE),"") | E40: 40 | F40: =IF(法术书II!W47="","",法术书II!W47) | G40: =IFERROR(VLOOKUP(F40,列表!$B:$B,1,FALSE),"QuQ") -> QuQ | H40: =IFERROR(VLOOKUP(G40,列表!$B:$T,17,FALSE),"") | I40: 40 | J40: =IF(法术书III!W47="","",法术书III!W47) | K40: =IFERROR(VLOOKUP(J40,列表!$B:$B,1,FALSE),"QuQ") -> QuQ | L40: =IFERROR(VLOOKUP(K40,列表!$B:$T,17,FALSE),"") | O40: 225000 | P40: 17 | R40: FALSE | X40: 战镐 | Y40: 5gp | Z40: 1d8穿刺 | AA40: 2 | AB40: - | AC40: 力量 | AG40: 运动 | AH40: =VLOOKUP($AG40,主要!C:J,7,FALSE) -> 0
A41: 41 | B41: =IF(法术书I!W48="","",法术书I!W48) | C41: =IFERROR(VLOOKUP(B41,列表!$B:$B,1,FALSE),"QuQ") -> QuQ | D41: =IFERROR(VLOOKUP(C41,列表!$B:$T,17,FALSE),"") | E41: 41 | F41: =IF(法术书II!W48="","",法术书II!W48) | G41: =IFERROR(VLOOKUP(F41,列表!$B:$B,1,FALSE),"QuQ") -> QuQ | H41: =IFERROR(VLOOKUP(G41,列表!$B:$T,17,FALSE),"") | I41: 41 | J41: =IF(法术书III!W48="","",法术书III!W48) | K41: =IFERROR(VLOOKUP(J41,列表!$B:$B,1,FALSE),"QuQ") -> QuQ | L41: =IFERROR(VLOOKUP(K41,列表!$B:$T,17,FALSE),"") | O41: 265000 | P41: 18 | R41: FALSE | X41: 战锤 | Y41: 15gp | Z41: 1d8钝击 | AA41: 2lb | AB41: 多用途(1d10) | AC41: 力量 | AG41: 特技 | AH41: =VLOOKUP($AG41,主要!C:J,7,FALSE) -> 0 | AK41: 出处 | AL41: 种族 | AM41: 亚种、变体、分支
A42: 42 | B42: =IF(法术书I!W49="","",法术书I!W49) | C42: =IFERROR(VLOOKUP(B42,列表!$B:$B,1,FALSE),"QuQ") -> QuQ | D42: =IFERROR(VLOOKUP(C42,列表!$B:$T,17,FALSE),"") | E42: 42 | F42: =IF(法术书II!W49="","",法术书II!W49) | G42: =IFERROR(VLOOKUP(F42,列表!$B:$B,1,FALSE),"QuQ") -> QuQ | H42: =IFERROR(VLOOKUP(G42,列表!$B:$T,17,FALSE),"") | I42: 42 | J42: =IF(法术书III!W49="","",法术书III!W49) | K42: =IFERROR(VLOOKUP(J42,列表!$B:$B,1,FALSE),"QuQ") -> QuQ | L42: =IFERROR(VLOOKUP(K42,列表!$B:$T,17,FALSE),"") | O42: 305000 | P42: 19 | R42: FALSE | X42: 鞭 | Y42: 2gp | Z42: 1d4挥砍 | AA42: 3lb | AB42: 灵巧，触及 | AC42: =IF(主要!$I$11>=主要!$I$13,"力量","敏捷") -> 力量 | AG42: 巧手 | AH42: =VLOOKUP($AG42,主要!C:J,7,FALSE) -> 0 | AK42: PHB | AL42: 人类 | AM42: 人类变体
A43: 43 | B43: =IF(法术书I!W50="","",法术书I!W50) | C43: =IFERROR(VLOOKUP(B43,列表!$B:$B,1,FALSE),"QuQ") -> QuQ | D43: =IFERROR(VLOOKUP(C43,列表!$B:$T,17,FALSE),"") | E43: 43 | F43: =IF(法术书II!W50="","",法术书II!W50) | G43: =IFERROR(VLOOKUP(F43,列表!$B:$B,1,FALSE),"QuQ") -> QuQ | H43: =IFERROR(VLOOKUP(G43,列表!$B:$T,17,FALSE),"") | I43: 43 | J43: =IF(法术书III!W50="","",法术书III!W50) | K43: =IFERROR(VLOOKUP(J43,列表!$B:$B,1,FALSE),"QuQ") -> QuQ | L43: =IFERROR(VLOOKUP(K43,列表!$B:$T,17,FALSE),"") | O43: 355000 | P43: 20 | W43: 军用远程武器 | X43: 吹箭筒 | Y43: 10gp | Z43: 1穿刺 | AA43: 1lb | AB43: 弹药(射程25/100)，装填 | AC43: 敏捷 | AG43: 隐匿 | AH43: =VLOOKUP($AG43,主要!C:J,7,FALSE) -> 0 | AK43: VGM | AL43: 阿斯莫 | AM43: 守护阿斯莫 | AN43: 天罚阿斯莫 | AO43: 堕落阿斯莫
A44: 44 | B44: =IF(法术书I!W51="","",法术书I!W51) | C44: =IFERROR(VLOOKUP(B44,列表!$B:$B,1,FALSE),"QuQ") -> QuQ | D44: =IFERROR(VLOOKUP(C44,列表!$B:$T,17,FALSE),"") | E44: 44 | F44: =IF(法术书II!W51="","",法术书II!W51) | G44: =IFERROR(VLOOKUP(F44,列表!$B:$B,1,FALSE),"QuQ") -> QuQ | H44: =IFERROR(VLOOKUP(G44,列表!$B:$T,17,FALSE),"") | I44: 44 | J44: =IF(法术书III!W51="","",法术书III!W51) | K44: =IFERROR(VLOOKUP(J44,列表!$B:$B,1,FALSE),"QuQ") -> QuQ | L44: =IFERROR(VLOOKUP(K44,列表!$B:$T,17,FALSE),"") | X44: 手弩 | Y44: 75gp | Z44: 1d6穿刺 | AA44: 3lb | AB44: 弹药(射程30/120)，轻，装填 | AC44: 敏捷 | AG44: 调查 | AH44: =VLOOKUP($AG44,主要!C:J,7,FALSE) -> 0 | AK44: PHB | AL44: 精灵 | AM44: 高等精灵 | AN44: 木精灵 | AO44: 黑暗精灵 | AP44: 卓尔精灵 | AQ44: 太阳精灵 | AR44: 黄昏精灵 | AS44: 月精灵 | AT44: 水生精灵 | AU44: 海精灵 | AV44: 影灵 | AW44: 雅灵
A45: 45 | B45: =IF(法术书I!W52="","",法术书I!W52) | C45: =IFERROR(VLOOKUP(B45,列表!$B:$B,1,FALSE),"QuQ") -> QuQ | D45: =IFERROR(VLOOKUP(C45,列表!$B:$T,17,FALSE),"") | E45: 45 | F45: =IF(法术书II!W52="","",法术书II!W52) | G45: =IFERROR(VLOOKUP(F45,列表!$B:$B,1,FALSE),"QuQ") -> QuQ | H45: =IFERROR(VLOOKUP(G45,列表!$B:$T,17,FALSE),"") | I45: 45 | J45: =IF(法术书III!W52="","",法术书III!W52) | K45: =IFERROR(VLOOKUP(J45,列表!$B:$B,1,FALSE),"QuQ") -> QuQ | L45: =IFERROR(VLOOKUP(K45,列表!$B:$T,17,FALSE),"") | O45: 阵营 | X45: 重弩 | Y45: 50gp | Z45: 1d10穿刺 | AA45: 18lb | AB45: 弹药(射程100/400)，重型，装填，双手 | AC45: 敏捷 | AG45: 奥秘 | AH45: =VLOOKUP($AG45,主要!C:J,7,FALSE) -> 0 | AK45: PHB | AL45: 半身人 | AM45: 轻足半身人 | AN45: 强心半身 | AO45: 鬼智半身人
A46: 46 | B46: =IF(法术书I!AA8="","",法术书I!AA8) | C46: =IFERROR(VLOOKUP(B46,列表!$B:$B,1,FALSE),"QuQ") -> QuQ | D46: =IFERROR(VLOOKUP(C46,列表!$B:$T,17,FALSE),"") | E46: 46 | F46: =IF(法术书II!AA8="","",法术书II!AA8) | G46: =IFERROR(VLOOKUP(F46,列表!$B:$B,1,FALSE),"QuQ") -> QuQ | H46: =IFERROR(VLOOKUP(G46,列表!$B:$T,17,FALSE),"") | I46: 46 | J46: =IF(法术书III!AA8="","",法术书III!AA8) | K46: =IFERROR(VLOOKUP(J46,列表!$B:$B,1,FALSE),"QuQ") -> QuQ | L46: =IFERROR(VLOOKUP(K46,列表!$B:$T,17,FALSE),"") | O46: 守序善良 | P46: 中立善良 | Q46: 混乱善良 | X46: 长弓 | Y46: 50gp | Z46: 1d8穿刺 | AA46: 2lb | AB46: 弹药(射程150/600)，重型，双手 | AC46: 敏捷 | AG46: 历史 | AH46: =VLOOKUP($AG46,主要!C:J,7,FALSE) -> 0 | AK46: PHB | AL46: 矮人 | AM46: 丘陵矮人 | AN46: 山地矮人 | AO46: 灰矮人
A47: 47 | B47: =IF(法术书I!AA9="","",法术书I!AA9) | C47: =IFERROR(VLOOKUP(B47,列表!$B:$B,1,FALSE),"QuQ") -> QuQ | D47: =IFERROR(VLOOKUP(C47,列表!$B:$T,17,FALSE),"") | E47: 47 | F47: =IF(法术书II!AA9="","",法术书II!AA9) | G47: =IFERROR(VLOOKUP(F47,列表!$B:$B,1,FALSE),"QuQ") -> QuQ | H47: =IFERROR(VLOOKUP(G47,列表!$B:$T,17,FALSE),"") | I47: 47 | J47: =IF(法术书III!AA9="","",法术书III!AA9) | K47: =IFERROR(VLOOKUP(J47,列表!$B:$B,1,FALSE),"QuQ") -> QuQ | L47: =IFERROR(VLOOKUP(K47,列表!$B:$T,17,FALSE),"") | O47: 守序中立 | P47: 绝对中立 | Q47: 混乱中立 | X47: 捕网 | Y47: 1gp | Z47: - | AA47: 3lb | AB47: 特殊，投掷（射程5/15） | AC47: 敏捷 | AG47: 自然 | AH47: =VLOOKUP($AG47,主要!C:J,7,FALSE) -> 0 | AK47: PHB | AL47: 龙裔 | AM47: 黑龙 | AN47: 蓝龙 | AO47: 黄铜龙 | AP47: 青铜龙 | AQ47: 赤铜龙 | AR47: 金龙 | AS47: 绿龙 | AT47: 红龙 | AU47: 银龙 | AV47: 白龙
A48: 48 | B48: =IF(法术书I!AA10="","",法术书I!AA10) | C48: =IFERROR(VLOOKUP(B48,列表!$B:$B,1,FALSE),"QuQ") -> QuQ | D48: =IFERROR(VLOOKUP(C48,列表!$B:$T,17,FALSE),"") | E48: 48 | F48: =IF(法术书II!AA10="","",法术书II!AA10) | G48: =IFERROR(VLOOKUP(F48,列表!$B:$B,1,FALSE),"QuQ") -> QuQ | H48: =IFERROR(VLOOKUP(G48,列表!$B:$T,17,FALSE),"") | I48: 48 | J48: =IF(法术书III!AA10="","",法术书III!AA10) | K48: =IFERROR(VLOOKUP(J48,列表!$B:$B,1,FALSE),"QuQ") -> QuQ | L48: =IFERROR(VLOOKUP(K48,列表!$B:$T,17,FALSE),"") | O48: 守序邪恶 | P48: 中立邪恶 | Q48: 混乱邪恶 | AG48: 宗教 | AH48: =VLOOKUP($AG48,主要!C:J,7,FALSE) -> 0 | AK48: PHB | AL48: 侏儒 | AM48: 地底侏儒 | AN48: 森林侏儒 | AO48: 岩侏儒
A49: 49 | B49: =IF(法术书I!AA11="","",法术书I!AA11) | C49: =IFERROR(VLOOKUP(B49,列表!$B:$B,1,FALSE),"QuQ") -> QuQ | D49: =IFERROR(VLOOKUP(C49,列表!$B:$T,17,FALSE),"") | E49: 49 | F49: =IF(法术书II!AA11="","",法术书II!AA11) | G49: =IFERROR(VLOOKUP(F49,列表!$B:$B,1,FALSE),"QuQ") -> QuQ | H49: =IFERROR(VLOOKUP(G49,列表!$B:$T,17,FALSE),"") | I49: 49 | J49: =IF(法术书III!AA11="","",法术书III!AA11) | K49: =IFERROR(VLOOKUP(J49,列表!$B:$B,1,FALSE),"QuQ") -> QuQ | L49: =IFERROR(VLOOKUP(K49,列表!$B:$T,17,FALSE),"") | W49: 智力 | X49: =主要!I17 -> 0 | Y49: =IF(X49<0,"D20","D20+") -> D20+ | AG49: 察觉 | AH49: =VLOOKUP($AG49,主要!C:J,7,FALSE) -> 0 | AK49: PHB | AL49: 半精灵 | AM49: 木半精灵 | AN49: 卓尔半精灵 | AO49: 太阳半精灵 | AP49: 月之半精灵 | AQ49: 水生半精灵
A50: 50 | B50: =IF(法术书I!AA12="","",法术书I!AA12) | C50: =IFERROR(VLOOKUP(B50,列表!$B:$B,1,FALSE),"QuQ") -> QuQ | D50: =IFERROR(VLOOKUP(C50,列表!$B:$T,17,FALSE),"") | E50: 50 | F50: =IF(法术书II!AA12="","",法术书II!AA12) | G50: =IFERROR(VLOOKUP(F50,列表!$B:$B,1,FALSE),"QuQ") -> QuQ | H50: =IFERROR(VLOOKUP(G50,列表!$B:$T,17,FALSE),"") | I50: 50 | J50: =IF(法术书III!AA12="","",法术书III!AA12) | K50: =IFERROR(VLOOKUP(J50,列表!$B:$B,1,FALSE),"QuQ") -> QuQ | L50: =IFERROR(VLOOKUP(K50,列表!$B:$T,17,FALSE),"") | W50: 感知 | X50: =主要!I19 -> 0 | Y50: =IF(X50<0,"D20","D20+") -> D20+ | AG50: 洞悉 | AH50: =VLOOKUP($AG50,主要!C:J,7,FALSE) -> 0 | AK50: PHB | AL50: 半兽人
A51: 51 | B51: =IF(法术书I!AA13="","",法术书I!AA13) | C51: =IFERROR(VLOOKUP(B51,列表!$B:$B,1,FALSE),"QuQ") -> QuQ | D51: =IFERROR(VLOOKUP(C51,列表!$B:$T,17,FALSE),"") | E51: 51 | F51: =IF(法术书II!AA13="","",法术书II!AA13) | G51: =IFERROR(VLOOKUP(F51,列表!$B:$B,1,FALSE),"QuQ") -> QuQ | H51: =IFERROR(VLOOKUP(G51,列表!$B:$T,17,FALSE),"") | I51: 51 | J51: =IF(法术书III!AA13="","",法术书III!AA13) | K51: =IFERROR(VLOOKUP(J51,列表!$B:$B,1,FALSE),"QuQ") -> QuQ | L51: =IFERROR(VLOOKUP(K51,列表!$B:$T,17,FALSE),"") | W51: 魅力 | X51: =主要!I21 -> 0 | Y51: =IF(X51<0,"D20","D20+") -> D20+ | AG51: 驯养 | AH51: =VLOOKUP($AG51,主要!C:J,7,FALSE) -> 0 | AK51: PHB | AL51: 提夫林 | AM51: 提夫林变体 | AN51: 提夫林亚种 | AO51: 阿斯蒙蒂斯 | AP51: 巴尔泽布 | AQ51: 迪斯帕特 | AR51: 菲尔娜 | AS51: 格莱西雅 | AT51: 莱维斯图斯 | AU51: 马曼 | AV51: 墨菲斯托菲利斯 | AW51: 扎瑞尔
A52: 52 | B52: =IF(法术书I!AA14="","",法术书I!AA14) | C52: =IFERROR(VLOOKUP(B52,列表!$B:$B,1,FALSE),"QuQ") -> QuQ | D52: =IFERROR(VLOOKUP(C52,列表!$B:$T,17,FALSE),"") | E52: 52 | F52: =IF(法术书II!AA14="","",法术书II!AA14) | G52: =IFERROR(VLOOKUP(F52,列表!$B:$B,1,FALSE),"QuQ") -> QuQ | H52: =IFERROR(VLOOKUP(G52,列表!$B:$T,17,FALSE),"") | I52: 52 | J52: =IF(法术书III!AA14="","",法术书III!AA14) | K52: =IFERROR(VLOOKUP(J52,列表!$B:$B,1,FALSE),"QuQ") -> QuQ | L52: =IFERROR(VLOOKUP(K52,列表!$B:$T,17,FALSE),"") | AG52: 医疗 | AH52: =VLOOKUP($AG52,主要!C:J,7,FALSE) -> 0 | AK52: EEPC | AL52: 阿兰寇拉
A53: 53 | B53: =IF(法术书I!AA15="","",法术书I!AA15) | C53: =IFERROR(VLOOKUP(B53,列表!$B:$B,1,FALSE),"QuQ") -> QuQ | D53: =IFERROR(VLOOKUP(C53,列表!$B:$T,17,FALSE),"") | E53: 53 | F53: =IF(法术书II!AA15="","",法术书II!AA15) | G53: =IFERROR(VLOOKUP(F53,列表!$B:$B,1,FALSE),"QuQ") -> QuQ | H53: =IFERROR(VLOOKUP(G53,列表!$B:$T,17,FALSE),"") | I53: 53 | J53: =IF(法术书III!AA15="","",法术书III!AA15) | K53: =IFERROR(VLOOKUP(J53,列表!$B:$B,1,FALSE),"QuQ") -> QuQ | L53: =IFERROR(VLOOKUP(K53,列表!$B:$T,17,FALSE),"") | AG53: 生存 | AH53: =VLOOKUP($AG53,主要!C:J,7,FALSE) -> 0 | AK53: EEPC | AL53: 元素裔 | AM53: 气元素 | AN53: 土元素 | AO53: 火元素 | AP53: 水元素
A54: 54 | B54: =IF(法术书I!AA16="","",法术书I!AA16) | C54: =IFERROR(VLOOKUP(B54,列表!$B:$B,1,FALSE),"QuQ") -> QuQ | D54: =IFERROR(VLOOKUP(C54,列表!$B:$T,17,FALSE),"") | E54: 54 | F54: =IF(法术书II!AA16="","",法术书II!AA16) | G54: =IFERROR(VLOOKUP(F54,列表!$B:$B,1,FALSE),"QuQ") -> QuQ | H54: =IFERROR(VLOOKUP(G54,列表!$B:$T,17,FALSE),"") | I54: 54 | J54: =IF(法术书III!AA16="","",法术书III!AA16) | K54: =IFERROR(VLOOKUP(J54,列表!$B:$B,1,FALSE),"QuQ") -> QuQ | L54: =IFERROR(VLOOKUP(K54,列表!$B:$T,17,FALSE),"") | AG54: 说服 | AH54: =VLOOKUP($AG54,主要!C:J,7,FALSE) -> 0 | AK54: VGM | AL54: 费尔伯格人
A55: 55 | B55: =IF(法术书I!AA17="","",法术书I!AA17) | C55: =IFERROR(VLOOKUP(B55,列表!$B:$B,1,FALSE),"QuQ") -> QuQ | D55: =IFERROR(VLOOKUP(C55,列表!$B:$T,17,FALSE),"") | E55: 55 | F55: =IF(法术书II!AA17="","",法术书II!AA17) | G55: =IFERROR(VLOOKUP(F55,列表!$B:$B,1,FALSE),"QuQ") -> QuQ | H55: =IFERROR(VLOOKUP(G55,列表!$B:$T,17,FALSE),"") | I55: 55 | J55: =IF(法术书III!AA17="","",法术书III!AA17) | K55: =IFERROR(VLOOKUP(J55,列表!$B:$B,1,FALSE),"QuQ") -> QuQ | L55: =IFERROR(VLOOKUP(K55,列表!$B:$T,17,FALSE),"") | AG55: 欺诈 | AH55: =VLOOKUP($AG55,主要!C:J,7,FALSE) -> 0 | AK55: VGM | AL55: 歌利亚
A56: 56 | B56: =IF(法术书I!AA18="","",法术书I!AA18) | C56: =IFERROR(VLOOKUP(B56,列表!$B:$B,1,FALSE),"QuQ") -> QuQ | D56: =IFERROR(VLOOKUP(C56,列表!$B:$T,17,FALSE),"") | E56: 56 | F56: =IF(法术书II!AA18="","",法术书II!AA18) | G56: =IFERROR(VLOOKUP(F56,列表!$B:$B,1,FALSE),"QuQ") -> QuQ | H56: =IFERROR(VLOOKUP(G56,列表!$B:$T,17,FALSE),"") | I56: 56 | J56: =IF(法术书III!AA18="","",法术书III!AA18) | K56: =IFERROR(VLOOKUP(J56,列表!$B:$B,1,FALSE),"QuQ") -> QuQ | L56: =IFERROR(VLOOKUP(K56,列表!$B:$T,17,FALSE),"") | AG56: 威吓 | AH56: =VLOOKUP($AG56,主要!C:J,7,FALSE) -> 0 | AK56: VGM | AL56: 天狗
A57: 57 | B57: =IF(法术书I!AA19="","",法术书I!AA19) | C57: =IFERROR(VLOOKUP(B57,列表!$B:$B,1,FALSE),"QuQ") -> QuQ | D57: =IFERROR(VLOOKUP(C57,列表!$B:$T,17,FALSE),"") | E57: 57 | F57: =IF(法术书II!AA19="","",法术书II!AA19) | G57: =IFERROR(VLOOKUP(F57,列表!$B:$B,1,FALSE),"QuQ") -> QuQ | H57: =IFERROR(VLOOKUP(G57,列表!$B:$T,17,FALSE),"") | I57: 57 | J57: =IF(法术书III!AA19="","",法术书III!AA19) | K57: =IFERROR(VLOOKUP(J57,列表!$B:$B,1,FALSE),"QuQ") -> QuQ | L57: =IFERROR(VLOOKUP(K57,列表!$B:$T,17,FALSE),"") | AG57: 表演 | AH57: =VLOOKUP($AG57,主要!C:J,7,FALSE) -> 0 | AK57: VGM | AL57: 蜥蜴人
A58: 58 | B58: =IF(法术书I!AA20="","",法术书I!AA20) | C58: =IFERROR(VLOOKUP(B58,列表!$B:$B,1,FALSE),"QuQ") -> QuQ | D58: =IFERROR(VLOOKUP(C58,列表!$B:$T,17,FALSE),"") | E58: 58 | F58: =IF(法术书II!AA20="","",法术书II!AA20) | G58: =IFERROR(VLOOKUP(F58,列表!$B:$B,1,FALSE),"QuQ") -> QuQ | H58: =IFERROR(VLOOKUP(G58,列表!$B:$T,17,FALSE),"") | I58: 58 | J58: =IF(法术书III!AA20="","",法术书III!AA20) | K58: =IFERROR(VLOOKUP(J58,列表!$B:$B,1,FALSE),"QuQ") -> QuQ | L58: =IFERROR(VLOOKUP(K58,列表!$B:$T,17,FALSE),"") | AK58: VGM | AL58: 斑猫人
A59: 59 | B59: =IF(法术书I!AA21="","",法术书I!AA21) | C59: =IFERROR(VLOOKUP(B59,列表!$B:$B,1,FALSE),"QuQ") -> QuQ | D59: =IFERROR(VLOOKUP(C59,列表!$B:$T,17,FALSE),"") | E59: 59 | F59: =IF(法术书II!AA21="","",法术书II!AA21) | G59: =IFERROR(VLOOKUP(F59,列表!$B:$B,1,FALSE),"QuQ") -> QuQ | H59: =IFERROR(VLOOKUP(G59,列表!$B:$T,17,FALSE),"") | I59: 59 | J59: =IF(法术书III!AA21="","",法术书III!AA21) | K59: =IFERROR(VLOOKUP(J59,列表!$B:$B,1,FALSE),"QuQ") -> QuQ | L59: =IFERROR(VLOOKUP(K59,列表!$B:$T,17,FALSE),"") | AK59: VGM | AL59: 梭螺鱼人
A60: 60 | B60: =IF(法术书I!AA22="","",法术书I!AA22) | C60: =IFERROR(VLOOKUP(B60,列表!$B:$B,1,FALSE),"QuQ") -> QuQ | D60: =IFERROR(VLOOKUP(C60,列表!$B:$T,17,FALSE),"") | E60: 60 | F60: =IF(法术书II!AA22="","",法术书II!AA22) | G60: =IFERROR(VLOOKUP(F60,列表!$B:$B,1,FALSE),"QuQ") -> QuQ | H60: =IFERROR(VLOOKUP(G60,列表!$B:$T,17,FALSE),"") | I60: 60 | J60: =IF(法术书III!AA22="","",法术书III!AA22) | K60: =IFERROR(VLOOKUP(J60,列表!$B:$B,1,FALSE),"QuQ") -> QuQ | L60: =IFERROR(VLOOKUP(K60,列表!$B:$T,17,FALSE),"") | AK60: VGM | AL60: 地精 | AM60: 熊地精 | AN60: 大地精
A61: 61 | B61: =IF(法术书I!AA23="","",法术书I!AA23) | C61: =IFERROR(VLOOKUP(B61,列表!$B:$B,1,FALSE),"QuQ") -> QuQ | D61: =IFERROR(VLOOKUP(C61,列表!$B:$T,17,FALSE),"") | E61: 61 | F61: =IF(法术书II!AA23="","",法术书II!AA23) | G61: =IFERROR(VLOOKUP(F61,列表!$B:$B,1,FALSE),"QuQ") -> QuQ | H61: =IFERROR(VLOOKUP(G61,列表!$B:$T,17,FALSE),"") | I61: 61 | J61: =IF(法术书III!AA23="","",法术书III!AA23) | K61: =IFERROR(VLOOKUP(J61,列表!$B:$B,1,FALSE),"QuQ") -> QuQ | L61: =IFERROR(VLOOKUP(K61,列表!$B:$T,17,FALSE),"") | AK61: VGM | AL61: 狗头人
A62: 62 | B62: =IF(法术书I!AA24="","",法术书I!AA24) | C62: =IFERROR(VLOOKUP(B62,列表!$B:$B,1,FALSE),"QuQ") -> QuQ | D62: =IFERROR(VLOOKUP(C62,列表!$B:$T,17,FALSE),"") | E62: 62 | F62: =IF(法术书II!AA24="","",法术书II!AA24) | G62: =IFERROR(VLOOKUP(F62,列表!$B:$B,1,FALSE),"QuQ") -> QuQ | H62: =IFERROR(VLOOKUP(G62,列表!$B:$T,17,FALSE),"") | I62: 62 | J62: =IF(法术书III!AA24="","",法术书III!AA24) | K62: =IFERROR(VLOOKUP(J62,列表!$B:$B,1,FALSE),"QuQ") -> QuQ | L62: =IFERROR(VLOOKUP(K62,列表!$B:$T,17,FALSE),"") | AK62: VGM | AL62: 兽人
A63: 63 | B63: =IF(法术书I!AA25="","",法术书I!AA25) | C63: =IFERROR(VLOOKUP(B63,列表!$B:$B,1,FALSE),"QuQ") -> QuQ | D63: =IFERROR(VLOOKUP(C63,列表!$B:$T,17,FALSE),"") | E63: 63 | F63: =IF(法术书II!AA25="","",法术书II!AA25) | G63: =IFERROR(VLOOKUP(F63,列表!$B:$B,1,FALSE),"QuQ") -> QuQ | H63: =IFERROR(VLOOKUP(G63,列表!$B:$T,17,FALSE),"") | I63: 63 | J63: =IF(法术书III!AA25="","",法术书III!AA25) | K63: =IFERROR(VLOOKUP(J63,列表!$B:$B,1,FALSE),"QuQ") -> QuQ | L63: =IFERROR(VLOOKUP(K63,列表!$B:$T,17,FALSE),"") | AK63: VGM | AL63: 纯种蛇人
A64: 64 | B64: =IF(法术书I!AA26="","",法术书I!AA26) | C64: =IFERROR(VLOOKUP(B64,列表!$B:$B,1,FALSE),"QuQ") -> QuQ | D64: =IFERROR(VLOOKUP(C64,列表!$B:$T,17,FALSE),"") | E64: 64 | F64: =IF(法术书II!AA26="","",法术书II!AA26) | G64: =IFERROR(VLOOKUP(F64,列表!$B:$B,1,FALSE),"QuQ") -> QuQ | H64: =IFERROR(VLOOKUP(G64,列表!$B:$T,17,FALSE),"") | I64: 64 | J64: =IF(法术书III!AA26="","",法术书III!AA26) | K64: =IFERROR(VLOOKUP(J64,列表!$B:$B,1,FALSE),"QuQ") -> QuQ | L64: =IFERROR(VLOOKUP(K64,列表!$B:$T,17,FALSE),"") | AK64: MTF | AL64: 吉斯人 | AM64: 吉斯洋基人 | AN64: 吉斯泽莱人
A65: 65 | B65: =IF(法术书I!AA27="","",法术书I!AA27) | C65: =IFERROR(VLOOKUP(B65,列表!$B:$B,1,FALSE),"QuQ") -> QuQ | D65: =IFERROR(VLOOKUP(C65,列表!$B:$T,17,FALSE),"") | E65: 65 | F65: =IF(法术书II!AA27="","",法术书II!AA27) | G65: =IFERROR(VLOOKUP(F65,列表!$B:$B,1,FALSE),"QuQ") -> QuQ | H65: =IFERROR(VLOOKUP(G65,列表!$B:$T,17,FALSE),"") | I65: 65 | J65: =IF(法术书III!AA27="","",法术书III!AA27) | K65: =IFERROR(VLOOKUP(J65,列表!$B:$B,1,FALSE),"QuQ") -> QuQ | L65: =IFERROR(VLOOKUP(K65,列表!$B:$T,17,FALSE),"") | AK65: GTR | AL65: 半人马
A66: 66 | B66: =IF(法术书I!AA28="","",法术书I!AA28) | C66: =IFERROR(VLOOKUP(B66,列表!$B:$B,1,FALSE),"QuQ") -> QuQ | D66: =IFERROR(VLOOKUP(C66,列表!$B:$T,17,FALSE),"") | E66: 66 | F66: =IF(法术书II!AA28="","",法术书II!AA28) | G66: =IFERROR(VLOOKUP(F66,列表!$B:$B,1,FALSE),"QuQ") -> QuQ | H66: =IFERROR(VLOOKUP(G66,列表!$B:$T,17,FALSE),"") | I66: 66 | J66: =IF(法术书III!AA28="","",法术书III!AA28) | K66: =IFERROR(VLOOKUP(J66,列表!$B:$B,1,FALSE),"QuQ") -> QuQ | L66: =IFERROR(VLOOKUP(K66,列表!$B:$T,17,FALSE),"") | AK66: GTR | AL66: 牛头人
A67: 67 | B67: =IF(法术书I!AA29="","",法术书I!AA29) | C67: =IFERROR(VLOOKUP(B67,列表!$B:$B,1,FALSE),"QuQ") -> QuQ | D67: =IFERROR(VLOOKUP(C67,列表!$B:$T,17,FALSE),"") | E67: 67 | F67: =IF(法术书II!AA29="","",法术书II!AA29) | G67: =IFERROR(VLOOKUP(F67,列表!$B:$B,1,FALSE),"QuQ") -> QuQ | H67: =IFERROR(VLOOKUP(G67,列表!$B:$T,17,FALSE),"") | I67: 67 | J67: =IF(法术书III!AA29="","",法术书III!AA29) | K67: =IFERROR(VLOOKUP(J67,列表!$B:$B,1,FALSE),"QuQ") -> QuQ | L67: =IFERROR(VLOOKUP(K67,列表!$B:$T,17,FALSE),"") | AK67: GTR | AL67: 象族
A68: 68 | B68: =IF(法术书I!AA30="","",法术书I!AA30) | C68: =IFERROR(VLOOKUP(B68,列表!$B:$B,1,FALSE),"QuQ") -> QuQ | D68: =IFERROR(VLOOKUP(C68,列表!$B:$T,17,FALSE),"") | E68: 68 | F68: =IF(法术书II!AA30="","",法术书II!AA30) | G68: =IFERROR(VLOOKUP(F68,列表!$B:$B,1,FALSE),"QuQ") -> QuQ | H68: =IFERROR(VLOOKUP(G68,列表!$B:$T,17,FALSE),"") | I68: 68 | J68: =IF(法术书III!AA30="","",法术书III!AA30) | K68: =IFERROR(VLOOKUP(J68,列表!$B:$B,1,FALSE),"QuQ") -> QuQ | L68: =IFERROR(VLOOKUP(K68,列表!$B:$T,17,FALSE),"") | AK68: GTR | AL68: 析米克杂种 | AM68: 析米克杂种·翼 | AN68: 析米克杂种·攀 | AO68: 析米克杂种·水 | AP68: 析米克杂种·斗 | AQ68: 析米克杂种·甲 | AR68: 析米克杂种·蚀
A69: 69 | B69: =IF(法术书I!AA31="","",法术书I!AA31) | C69: =IFERROR(VLOOKUP(B69,列表!$B:$B,1,FALSE),"QuQ") -> QuQ | D69: =IFERROR(VLOOKUP(C69,列表!$B:$T,17,FALSE),"") | E69: 69 | F69: =IF(法术书II!AA31="","",法术书II!AA31) | G69: =IFERROR(VLOOKUP(F69,列表!$B:$B,1,FALSE),"QuQ") -> QuQ | H69: =IFERROR(VLOOKUP(G69,列表!$B:$T,17,FALSE),"") | I69: 69 | J69: =IF(法术书III!AA31="","",法术书III!AA31) | K69: =IFERROR(VLOOKUP(J69,列表!$B:$B,1,FALSE),"QuQ") -> QuQ | L69: =IFERROR(VLOOKUP(K69,列表!$B:$T,17,FALSE),"") | AK69: GTR | AL69: 维多肯
A70: 70 | B70: =IF(法术书I!AA32="","",法术书I!AA32) | C70: =IFERROR(VLOOKUP(B70,列表!$B:$B,1,FALSE),"QuQ") -> QuQ | D70: =IFERROR(VLOOKUP(C70,列表!$B:$T,17,FALSE),"") | E70: 70 | F70: =IF(法术书II!AA32="","",法术书II!AA32) | G70: =IFERROR(VLOOKUP(F70,列表!$B:$B,1,FALSE),"QuQ") -> QuQ | H70: =IFERROR(VLOOKUP(G70,列表!$B:$T,17,FALSE),"") | I70: 70 | J70: =IF(法术书III!AA32="","",法术书III!AA32) | K70: =IFERROR(VLOOKUP(J70,列表!$B:$B,1,FALSE),"QuQ") -> QuQ | L70: =IFERROR(VLOOKUP(K70,列表!$B:$T,17,FALSE),"") | AK70: UA | AL70: 幻身灵 | AM70: 幻身灵·敏
A71: 71 | B71: =IF(法术书I!AA33="","",法术书I!AA33) | C71: =IFERROR(VLOOKUP(B71,列表!$B:$B,1,FALSE),"QuQ") -> QuQ | D71: =IFERROR(VLOOKUP(C71,列表!$B:$T,17,FALSE),"") | E71: 71 | F71: =IF(法术书II!AA33="","",法术书II!AA33) | G71: =IFERROR(VLOOKUP(F71,列表!$B:$B,1,FALSE),"QuQ") -> QuQ | H71: =IFERROR(VLOOKUP(G71,列表!$B:$T,17,FALSE),"") | I71: 71 | J71: =IF(法术书III!AA33="","",法术书III!AA33) | K71: =IFERROR(VLOOKUP(J71,列表!$B:$B,1,FALSE),"QuQ") -> QuQ | L71: =IFERROR(VLOOKUP(K71,列表!$B:$T,17,FALSE),"") | AK71: UA | AL71: 离梦人
A72: 72 | B72: =IF(法术书I!AA34="","",法术书I!AA34) | C72: =IFERROR(VLOOKUP(B72,列表!$B:$B,1,FALSE),"QuQ") -> QuQ | D72: =IFERROR(VLOOKUP(C72,列表!$B:$T,17,FALSE),"") | E72: 72 | F72: =IF(法术书II!AA34="","",法术书II!AA34) | G72: =IFERROR(VLOOKUP(F72,列表!$B:$B,1,FALSE),"QuQ") -> QuQ | H72: =IFERROR(VLOOKUP(G72,列表!$B:$T,17,FALSE),"") | I72: 72 | J72: =IF(法术书III!AA34="","",法术书III!AA34) | K72: =IFERROR(VLOOKUP(J72,列表!$B:$B,1,FALSE),"QuQ") -> QuQ | L72: =IFERROR(VLOOKUP(K72,列表!$B:$T,17,FALSE),"") | AK72: UA | AL72: 化兽者 | AM72: 兽皮 | AN72: 长牙 | AO72: 疾驰 | AP72: 狩猎
A73: 73 | B73: =IF(法术书I!AA35="","",法术书I!AA35) | C73: =IFERROR(VLOOKUP(B73,列表!$B:$B,1,FALSE),"QuQ") -> QuQ | D73: =IFERROR(VLOOKUP(C73,列表!$B:$T,17,FALSE),"") | E73: 73 | F73: =IF(法术书II!AA35="","",法术书II!AA35) | G73: =IFERROR(VLOOKUP(F73,列表!$B:$B,1,FALSE),"QuQ") -> QuQ | H73: =IFERROR(VLOOKUP(G73,列表!$B:$T,17,FALSE),"") | I73: 73 | J73: =IF(法术书III!AA35="","",法术书III!AA35) | K73: =IFERROR(VLOOKUP(J73,列表!$B:$B,1,FALSE),"QuQ") -> QuQ | L73: =IFERROR(VLOOKUP(K73,列表!$B:$T,17,FALSE),"") | AK73: UA | AL73: 战俑 | AM73: 特使 | AN73: 金刚 | AO73: 散兵
A74: 74 | B74: =IF(法术书I!AA36="","",法术书I!AA36) | C74: =IFERROR(VLOOKUP(B74,列表!$B:$B,1,FALSE),"QuQ") -> QuQ | D74: =IFERROR(VLOOKUP(C74,列表!$B:$T,17,FALSE),"") | E74: 74 | F74: =IF(法术书II!AA36="","",法术书II!AA36) | G74: =IFERROR(VLOOKUP(F74,列表!$B:$B,1,FALSE),"QuQ") -> QuQ | H74: =IFERROR(VLOOKUP(G74,列表!$B:$T,17,FALSE),"") | I74: 74 | J74: =IF(法术书III!AA36="","",法术书III!AA36) | K74: =IFERROR(VLOOKUP(J74,列表!$B:$B,1,FALSE),"QuQ") -> QuQ | L74: =IFERROR(VLOOKUP(K74,列表!$B:$T,17,FALSE),"") | AK74: 1 | AL74: 2 | AM74: 3 | AN74: 4 | AO74: 5 | AP74: 6 | AQ74: 7 | AR74: 8 | AS74: 9 | AT74: 10 | AU74: 11 | AV74: 12 | AW74: 13 | AX74: 14 | AY74: 15 | AZ74: 16 | BA74: 17 | BB74: 18 | BC74: 19 | BD74: 20 | BE74: 21 | BF74: 22 | BG74: 23 | BH74: 24 | BI74: 25 | BJ74: 26 | BK74: 27 | BL74: 28 | BM74: 29 | BN74: 30 | BO74: 31 | BP74: 32
A75: 75 | B75: =IF(法术书I!AA37="","",法术书I!AA37) | C75: =IFERROR(VLOOKUP(B75,列表!$B:$B,1,FALSE),"QuQ") -> QuQ | D75: =IFERROR(VLOOKUP(C75,列表!$B:$T,17,FALSE),"") | E75: 75 | F75: =IF(法术书II!AA37="","",法术书II!AA37) | G75: =IFERROR(VLOOKUP(F75,列表!$B:$B,1,FALSE),"QuQ") -> QuQ | H75: =IFERROR(VLOOKUP(G75,列表!$B:$T,17,FALSE),"") | I75: 75 | J75: =IF(法术书III!AA37="","",法术书III!AA37) | K75: =IFERROR(VLOOKUP(J75,列表!$B:$B,1,FALSE),"QuQ") -> QuQ | L75: =IFERROR(VLOOKUP(K75,列表!$B:$T,17,FALSE),"") | AL75: 力量 | AM75: 敏捷 | AN75: 体质 | AO75: 智力 | AP75: 感知 | AQ75: 魅力 | AR75: 自选个数 | AS75: 自选数值 | AT75: 年龄 | AU75: 阵营 | AV75: 体型 | AW75: 速度 | AX75: 语言 | AY75: 技能 | AZ75: 专长 | BA75: 特性
A76: 76 | B76: =IF(法术书I!AA38="","",法术书I!AA38) | C76: =IFERROR(VLOOKUP(B76,列表!$B:$B,1,FALSE),"QuQ") -> QuQ | D76: =IFERROR(VLOOKUP(C76,列表!$B:$T,17,FALSE),"") | E76: 76 | F76: =IF(法术书II!AA38="","",法术书II!AA38) | G76: =IFERROR(VLOOKUP(F76,列表!$B:$B,1,FALSE),"QuQ") -> QuQ | H76: =IFERROR(VLOOKUP(G76,列表!$B:$T,17,FALSE),"") | I76: 76 | J76: =IF(法术书III!AA38="","",法术书III!AA38) | K76: =IFERROR(VLOOKUP(J76,列表!$B:$B,1,FALSE),"QuQ") -> QuQ | L76: =IFERROR(VLOOKUP(K76,列表!$B:$T,17,FALSE),"") | BA76: 1 | BB76: 2 | BC76: 3 | BD76: 4 | BE76: 5 | BF76: 6 | BG76: 7 | BH76: 8 | BI76: 9 | BJ76: 10 | BK76: 11 | BL76: 12 | BM76: 13 | BN76: 14 | BO76: 15 | BP76: 16
A77: 77 | B77: =IF(法术书I!AA39="","",法术书I!AA39) | C77: =IFERROR(VLOOKUP(B77,列表!$B:$B,1,FALSE),"QuQ") -> QuQ | D77: =IFERROR(VLOOKUP(C77,列表!$B:$T,17,FALSE),"") | E77: 77 | F77: =IF(法术书II!AA39="","",法术书II!AA39) | G77: =IFERROR(VLOOKUP(F77,列表!$B:$B,1,FALSE),"QuQ") -> QuQ | H77: =IFERROR(VLOOKUP(G77,列表!$B:$T,17,FALSE),"") | I77: 77 | J77: =IF(法术书III!AA39="","",法术书III!AA39) | K77: =IFERROR(VLOOKUP(J77,列表!$B:$B,1,FALSE),"QuQ") -> QuQ | L77: =IFERROR(VLOOKUP(K77,列表!$B:$T,17,FALSE),"") | AK77: 人类 | AL77: 1 | AM77: 1 | AN77: 1 | AO77: 1 | AP77: 1 | AQ77: 1 | AT77: 人类不到20岁成年，而很少活过100 岁。 | AU77: 人类并不偏向特定阵营。这个种群中存在着最好的人以及最坏的人。 | AV77: 人类身高差距很大，有的刚好5尺高，而有的甚至高过6尺。不论你有多高，你的体型皆为中型。 | AW77: 你的基础步行速度为30尺。 | AX77: 你能够说、读、写通用语和一门额外的自选语言。在与他人交流时，人类通常会主动去学习对方的语言，其中也包括了一些晦涩的方言。他们还喜欢在说话时夹杂其他语言的腔调，如兽人粗口，精灵乐调，矮人军号，等等。
A78: 78 | B78: =IF(法术书I!AA40="","",法术书I!AA40) | C78: =IFERROR(VLOOKUP(B78,列表!$B:$B,1,FALSE),"QuQ") -> QuQ | D78: =IFERROR(VLOOKUP(C78,列表!$B:$T,17,FALSE),"") | E78: 78 | F78: =IF(法术书II!AA40="","",法术书II!AA40) | G78: =IFERROR(VLOOKUP(F78,列表!$B:$B,1,FALSE),"QuQ") -> QuQ | H78: =IFERROR(VLOOKUP(G78,列表!$B:$T,17,FALSE),"") | I78: 78 | J78: =IF(法术书III!AA40="","",法术书III!AA40) | K78: =IFERROR(VLOOKUP(J78,列表!$B:$B,1,FALSE),"QuQ") -> QuQ | L78: =IFERROR(VLOOKUP(K78,列表!$B:$T,17,FALSE),"") | AK78: 人类变体 | AR78: 2 | AS78: 1 | AT78: 人类不到20岁成年，而很少活过101 岁。 | AU78: 人类并不偏向特定阵营。这个种群中存在着最好的人以及最坏的人。 | AV78: 人类身高差距很大，有的刚好5尺高，而有的甚至高过7尺。不论你有多高，你的体型皆为中型。 | AW78: 你的基础步行速度为31尺。 | AX78: 你能够说、读、写通用语和一门额外的自选语言。在与他人交流时，人类通常会主动去学习对方的语言，其中也包括了一些晦涩的方言。他们还喜欢在说话时夹杂其他语言的腔调，如兽人粗口，精灵乐调，矮人军号，等等。 | BB78: 你获得一项自选的技能作为熟练项。 | BD78: 你获得一项自选的专长。
A79: 79 | B79: =IF(法术书I!AA41="","",法术书I!AA41) | C79: =IFERROR(VLOOKUP(B79,列表!$B:$B,1,FALSE),"QuQ") -> QuQ | D79: =IFERROR(VLOOKUP(C79,列表!$B:$T,17,FALSE),"") | E79: 79 | F79: =IF(法术书II!AA41="","",法术书II!AA41) | G79: =IFERROR(VLOOKUP(F79,列表!$B:$B,1,FALSE),"QuQ") -> QuQ | H79: =IFERROR(VLOOKUP(G79,列表!$B:$T,17,FALSE),"") | I79: 79 | J79: =IF(法术书III!AA41="","",法术书III!AA41) | K79: =IFERROR(VLOOKUP(J79,列表!$B:$B,1,FALSE),"QuQ") -> QuQ | L79: =IFERROR(VLOOKUP(K79,列表!$B:$T,17,FALSE),"") | AK79: 阿斯莫 | AQ79: 2 | AT79: 阿斯莫与人类成熟的速度相近，不过他们能活160年。 | AU79: 充盈着天界之力，多数阿斯莫是善良的。被放逐的阿斯莫则通常是中立的甚至是邪恶的。 | AV79: 阿斯莫的身高和体重与人类接近。 | AW79: 你的基础陆地移动速度是30尺。 | AX79: 你能说，读，写通用语和天界语。 | BA79: 黑暗视觉 | BB79: 拜你的光辉灵魂所赐，你的视觉可以轻易地跨越黑暗。你可以看清昏暗光源周围60尺如同它们在亮光之中，而在黑暗之中你可以像昏暗照明一般视物。在黑暗中你无法分辨颜色，只能看见灰色的阴影。 | BC79: 天界抗力 | BD79: 你对光耀和黯蚀伤害具有抗力。 | BE79: 治愈之手 | BF79: 以一个动作，你可以触碰一个生物并使他恢复等同于你人物等级的生命值。一旦你使用了这个特性，在下次长休息完成之前你不能再次使用。 | BG79: 光辉掌者 | BH79: 你知晓光亮术戏法。在施展它时魅力是你的施法主属性。
A80: 80 | B80: =IF(法术书I!AA42="","",法术书I!AA42) | C80: =IFERROR(VLOOKUP(B80,列表!$B:$B,1,FALSE),"QuQ") -> QuQ | D80: =IFERROR(VLOOKUP(C80,列表!$B:$T,17,FALSE),"") | E80: 80 | F80: =IF(法术书II!AA42="","",法术书II!AA42) | G80: =IFERROR(VLOOKUP(F80,列表!$B:$B,1,FALSE),"QuQ") -> QuQ | H80: =IFERROR(VLOOKUP(G80,列表!$B:$T,17,FALSE),"") | I80: 80 | J80: =IF(法术书III!AA42="","",法术书III!AA42) | K80: =IFERROR(VLOOKUP(J80,列表!$B:$B,1,FALSE),"QuQ") -> QuQ | L80: =IFERROR(VLOOKUP(K80,列表!$B:$T,17,FALSE),"") | AK80: 守护阿斯莫 | AP80: 1 | AQ80: 2 | AT80: 阿斯莫与人类成熟的速度相近，不过他们能活160年。 | AU80: 充盈着天界之力，多数阿斯莫是善良的。被放逐的阿斯莫则通常是中立的甚至是邪恶的。 | AV80: 阿斯莫的身高和体重与人类接近。 | AW80: 你的基础陆地移动速度是30尺。 | AX80: 你能说，读，写通用语和天界语。 | BA80: 黑暗视觉 | BB80: 拜你的光辉灵魂所赐，你的视觉可以轻易地跨越黑暗。你可以看清昏暗光源周围60尺如同它们在亮光之中，而在黑暗之中你可以像昏暗照明一般视物。在黑暗中你无法分辨颜色，只能看见灰色的阴影。 | BC80: 天界抗力 | BD80: 你对光耀和黯蚀伤害具有抗力。 | BE80: 治愈之手 | BF80: 以一个动作，你可以触碰一个生物并使他恢复等同于你人物等级的生命值。一旦你使用了这个特性，在下次长休息完成之前你不能再次使用。 | BG80: 光辉掌者 | BH80: 你知晓光亮术戏法。在施展它时魅力是你的施法主属性。 | BI80: 光辉灵魂 | BJ80: 从3级起，你可以使用一个动作来释放你内在的神圣能量。这将使你的眼睛闪烁，并且会有两条辉煌的纯能量光翼从你的后背延展。 你的转变持续一分钟或直到你以一个附赠动作中止。在这期间，你得到30尺的飞行速度，并且每个你的回合中一次，当你的攻击或法术成功造成伤害，你将对一个目标造成额外的光耀伤害等同于你的人物等级。 一旦你使用这个特性，在下次长休息完成之前你不能再次使用。
A81: 81 | B81: =IF(法术书I!AA43="","",法术书I!AA43) | C81: =IFERROR(VLOOKUP(B81,列表!$B:$B,1,FALSE),"QuQ") -> QuQ | D81: =IFERROR(VLOOKUP(C81,列表!$B:$T,17,FALSE),"") | E81: 81 | F81: =IF(法术书II!AA43="","",法术书II!AA43) | G81: =IFERROR(VLOOKUP(F81,列表!$B:$B,1,FALSE),"QuQ") -> QuQ | H81: =IFERROR(VLOOKUP(G81,列表!$B:$T,17,FALSE),"") | I81: 81 | J81: =IF(法术书III!AA43="","",法术书III!AA43) | K81: =IFERROR(VLOOKUP(J81,列表!$B:$B,1,FALSE),"QuQ") -> QuQ | L81: =IFERROR(VLOOKUP(K81,列表!$B:$T,17,FALSE),"") | AK81: 天罚阿斯莫 | AN81: 1 | AQ81: 2 | AT81: 阿斯莫与人类成熟的速度相近，不过他们能活160年。 | AU81: 充盈着天界之力，多数阿斯莫是善良的。被放逐的阿斯莫则通常是中立的甚至是邪恶的。 | AV81: 阿斯莫的身高和体重与人类接近。 | AW81: 你的基础陆地移动速度是30尺。 | AX81: 你能说，读，写通用语和天界语。 | BA81: 黑暗视觉 | BB81: 拜你的光辉灵魂所赐，你的视觉可以轻易地跨越黑暗。你可以看清昏暗光源周围60尺如同它们在亮光之中，而在黑暗之中你可以像昏暗照明一般视物。在黑暗中你无法分辨颜色，只能看见灰色的阴影。 | BC81: 天界抗力 | BD81: 你对光耀和黯蚀伤害具有抗力。 | BE81: 治愈之手 | BF81: 以一个动作，你可以触碰一个生物并使他恢复等同于你人物等级的生命值。一旦你使用了这个特性，在下次长休息完成之前你不能再次使用。 | BG81: 光辉掌者 | BH81: 你知晓光亮术戏法。在施展它时魅力是你的施法主属性。 | BI81: 光辉焚化 | BJ81: 从3级起，你可以使用一个动作使你体内的神圣能量解除拘束。灼热的光芒将以你为中心辐射，从你的口中和眼中涌动而出，只消顷刻就会将你焚毁。 你的转变持续一分钟或直到你以一个附赠动作中止。在这期间，明亮的光辉会照亮你周围10尺并给予额外10尺的昏暗照明。并且，每个你的回合结束，你和你周围10尺内的每个生物都将受到等同于你人物等级一半的光耀伤害（向上取整）。此外，每个你的回合中一次，当你的攻击或法术成功造成伤害，你将对一个目标造成额外的光耀伤害等同于你的人物等级。 一旦你使用这个特性，在下次长休息完成之前你不能再次使用。
A82: 82 | B82: =IF(法术书I!AA44="","",法术书I!AA44) | C82: =IFERROR(VLOOKUP(B82,列表!$B:$B,1,FALSE),"QuQ") -> QuQ | D82: =IFERROR(VLOOKUP(C82,列表!$B:$T,17,FALSE),"") | E82: 82 | F82: =IF(法术书II!AA44="","",法术书II!AA44) | G82: =IFERROR(VLOOKUP(F82,列表!$B:$B,1,FALSE),"QuQ") -> QuQ | H82: =IFERROR(VLOOKUP(G82,列表!$B:$T,17,FALSE),"") | I82: 82 | J82: =IF(法术书III!AA44="","",法术书III!AA44) | K82: =IFERROR(VLOOKUP(J82,列表!$B:$B,1,FALSE),"QuQ") -> QuQ | L82: =IFERROR(VLOOKUP(K82,列表!$B:$T,17,FALSE),"") | AK82: 堕落阿斯莫 | AL82: 1 | AQ82: 2 | AT82: 阿斯莫与人类成熟的速度相近，不过他们能活160年。 | AU82: 充盈着天界之力，多数阿斯莫是善良的。被放逐的阿斯莫则通常是中立的甚至是邪恶的。 | AV82: 阿斯莫的身高和体重与人类接近。 | AW82: 你的基础陆地移动速度是30尺。 | AX82: 你能说，读，写通用语和天界语。 | BA82: 黑暗视觉 | BB82: 拜你的光辉灵魂所赐，你的视觉可以轻易地跨越黑暗。你可以看清昏暗光源周围60尺如同它们在亮光之中，而在黑暗之中你可以像昏暗照明一般视物。在黑暗中你无法分辨颜色，只能看见灰色的阴影。 | BC82: 天界抗力 | BD82: 你对光耀和黯蚀伤害具有抗力。 | BE82: 治愈之手 | BF82: 以一个动作，你可以触碰一个生物并使他恢复等同于你人物等级的生命值。一旦你使用了这个特性，在下次长休息完成之前你不能再次使用。 | BG82: 光辉掌者 | BH82: 你知晓光亮术戏法。在施展它时魅力是你的施法主属性。 | BI82: 死灵寿衣 | BJ82: 从3级起，你可以使用一个动作来解放你内在的腐败力量。你的眼睛将变为两个漆黑的池，一对幽灵般的骨翅将从你的身后展开。在你进行转变的同时，你周围10尺内所有能看见你的生物必须通过魅力豁免检定（DC=8+你的熟练值+你的魅力调整值），否则直到你的下回合结束之前他们将对你恐惧。 你的转变持续一分钟或直到你以一个附赠动作中止。在这期间，每个你的回合中一次，当你的攻击或法术成功造成伤害，你将对一个目标造成额外的黯蚀伤害等同于你的人物等级。 一旦你使用这个特性，在下次长休息完成之前你不能再次使用。
A83: 83 | B83: =IF(法术书I!AA45="","",法术书I!AA45) | C83: =IFERROR(VLOOKUP(B83,列表!$B:$B,1,FALSE),"QuQ") -> QuQ | D83: =IFERROR(VLOOKUP(C83,列表!$B:$T,17,FALSE),"") | E83: 83 | F83: =IF(法术书II!AA45="","",法术书II!AA45) | G83: =IFERROR(VLOOKUP(F83,列表!$B:$B,1,FALSE),"QuQ") -> QuQ | H83: =IFERROR(VLOOKUP(G83,列表!$B:$T,17,FALSE),"") | I83: 83 | J83: =IF(法术书III!AA45="","",法术书III!AA45) | K83: =IFERROR(VLOOKUP(J83,列表!$B:$B,1,FALSE),"QuQ") -> QuQ | L83: =IFERROR(VLOOKUP(K83,列表!$B:$T,17,FALSE),"") | AK83: 精灵 | AM83: 2 | AT83: 精灵一般在100岁前后宣布成年，寿命可达750岁。 | AU83: 精灵热爱自由与多彩的生活，他们有着很强的表现欲，因而会强烈地倾向混乱阵营。他们尊重他人的自由，有时甚至会对他人的处境感同身受并挺身而出。精灵会更倾向于善良阵营，而卓尔精灵则是其中的例外。作为被放逐者，卓尔显得险恶而危险，因而通常更倾向于邪恶。 | AV83: 精灵中有的身高低于5尺，而有的则甚至超过6尺。他们身材纤细，属于中型体型。 | AW83: 你的基础步行速度为30尺。 | AX83: 你能够说、读、写通用语和精灵语。 | BA83: 精类血统 | BB83: 你进行对抗魅惑的豁免时具有优势，并且不会因魔法效应而陷入睡眠。 | BC83: 出神 | BD83: 精灵不需要睡眠。他们会在需要休息时陷入持续4个小时的半清醒深度冥想中（通用语中描述此状态的词是“出神Trance”）。冥想时精灵也会做梦，这种梦其实是反应多年来现实生活的思维活动。以这种方式休息后，你获得人类睡眠8小时的全部益处。 | BE83: 敏锐感官 | BF83: 你拥有察觉技能的熟练项。
A84: 84 | B84: =IF(法术书I!AA46="","",法术书I!AA46) | C84: =IFERROR(VLOOKUP(B84,列表!$B:$B,1,FALSE),"QuQ") -> QuQ | D84: =IFERROR(VLOOKUP(C84,列表!$B:$T,17,FALSE),"") | E84: 84 | F84: =IF(法术书II!AA46="","",法术书II!AA46) | G84: =IFERROR(VLOOKUP(F84,列表!$B:$B,1,FALSE),"QuQ") -> QuQ | H84: =IFERROR(VLOOKUP(G84,列表!$B:$T,17,FALSE),"") | I84: 84 | J84: =IF(法术书III!AA46="","",法术书III!AA46) | K84: =IFERROR(VLOOKUP(J84,列表!$B:$B,1,FALSE),"QuQ") -> QuQ | L84: =IFERROR(VLOOKUP(K84,列表!$B:$T,17,FALSE),"") | AK84: 高等精灵 | AM84: 2 | AO84: 1 | AT84: 精灵一般在100岁前后宣布成年，寿命可达750岁。 | AU84: 精灵热爱自由与多彩的生活，他们有着很强的表现欲，因而会强烈地倾向混乱阵营。他们尊重他人的自由，有时甚至会对他人的处境感同身受并挺身而出。精灵会更倾向于善良阵营，而卓尔精灵则是其中的例外。作为被放逐者，卓尔显得险恶而危险，因而通常更倾向于邪恶。 | AV84: 精灵中有的身高低于5尺，而有的则甚至超过6尺。他们身材纤细，属于中型体型。 | AW84: 你的基础步行速度为30尺。 | AX84: 你能够说、读、写通用语和精灵语。 | BA84: 精类血统 | BB84: 你进行对抗魅惑的豁免时具有优势，并且不会因魔法效应而陷入睡眠。 | BC84: 出神 | BD84: 精灵不需要睡眠。他们会在需要休息时陷入持续4个小时的半清醒深度冥想中（通用语中描述此状态的词是“出神Trance”）。冥想时精灵也会做梦，这种梦其实是反应多年来现实生活的思维活动。以这种方式休息后，你获得人类睡眠8小时的全部益处。 | BE84: 精灵武器训练 | BF84: 你拥有长剑、短剑、短弓和长弓等武器的熟练项。 | BG84: 戏法 | BH84: 你掌握一个戏法，你可以从法师法术列表中自选其一。其施法关键属性为智力。 | BI84: 额外语言 | BJ84: 你能说、读、写一额外的自选语言。 | BK84: 敏锐感官 | BL84: 你拥有察觉技能的熟练项。
A85: 85 | B85: =IF(法术书I!AA47="","",法术书I!AA47) | C85: =IFERROR(VLOOKUP(B85,列表!$B:$B,1,FALSE),"QuQ") -> QuQ | D85: =IFERROR(VLOOKUP(C85,列表!$B:$T,17,FALSE),"") | E85: 85 | F85: =IF(法术书II!AA47="","",法术书II!AA47) | G85: =IFERROR(VLOOKUP(F85,列表!$B:$B,1,FALSE),"QuQ") -> QuQ | H85: =IFERROR(VLOOKUP(G85,列表!$B:$T,17,FALSE),"") | I85: 85 | J85: =IF(法术书III!AA47="","",法术书III!AA47) | K85: =IFERROR(VLOOKUP(J85,列表!$B:$B,1,FALSE),"QuQ") -> QuQ | L85: =IFERROR(VLOOKUP(K85,列表!$B:$T,17,FALSE),"") | AK85: 木精灵 | AM85: 2 | AT85: 精灵一般在100岁前后宣布成年，寿命可达750岁。 | AU85: 精灵热爱自由与多彩的生活，他们有着很强的表现欲，因而会强烈地倾向混乱阵营。他们尊重他人的自由，有时甚至会对他人的处境感同身受并挺身而出。精灵会更倾向于善良阵营，而卓尔精灵则是其中的例外。作为被放逐者，卓尔显得险恶而危险，因而通常更倾向于邪恶。 | AV85: 精灵中有的身高低于5尺，而有的则甚至超过6尺。他们身材纤细，属于中型体型。 | AW85: 你的基础步行速度为30尺。 | AX85: 你能够说、读、写通用语和精灵语。 | BA85: 精类血统 | BB85: 你进行对抗魅惑的豁免时具有优势，并且不会因魔法效应而陷入睡眠。 | BC85: 出神 | BD85: 精灵不需要睡眠。他们会在需要休息时陷入持续4个小时的半清醒深度冥想中（通用语中描述此状态的词是“出神Trance”）。冥想时精灵也会做梦，这种梦其实是反应多年来现实生活的思维活动。以这种方式休息后，你获得人类睡眠8小时的全部益处。 | BE85: 精灵武器训练 | BF85: 你拥有长剑、短剑、短弓和长弓等武器的熟练项。 | BG85: 轻捷步伐 | BH85: 你的基础步行速度提升至35尺。 | BI85: 野性面具 | BJ85: 你从树丛，大雨，落雪，雾气或其他自然现象中获得轻度遮蔽时，就可以尝试执行躲藏。 | BK85: 敏锐感官 | BL85: 你拥有察觉技能的熟练项。
A86: 86 | B86: =IF(法术书I!AA48="","",法术书I!AA48) | C86: =IFERROR(VLOOKUP(B86,列表!$B:$B,1,FALSE),"QuQ") -> QuQ | D86: =IFERROR(VLOOKUP(C86,列表!$B:$T,17,FALSE),"") | E86: 86 | F86: =IF(法术书II!AA48="","",法术书II!AA48) | G86: =IFERROR(VLOOKUP(F86,列表!$B:$B,1,FALSE),"QuQ") -> QuQ | H86: =IFERROR(VLOOKUP(G86,列表!$B:$T,17,FALSE),"") | I86: 86 | J86: =IF(法术书III!AA48="","",法术书III!AA48) | K86: =IFERROR(VLOOKUP(J86,列表!$B:$B,1,FALSE),"QuQ") -> QuQ | L86: =IFERROR(VLOOKUP(K86,列表!$B:$T,17,FALSE),"") | AK86: 黑暗精灵 | AM86: 2 | AQ86: 1 | AT86: 精灵一般在100岁前后宣布成年，寿命可达750岁。 | AU86: 精灵热爱自由与多彩的生活，他们有着很强的表现欲，因而会强烈地倾向混乱阵营。他们尊重他人的自由，有时甚至会对他人的处境感同身受并挺身而出。精灵会更倾向于善良阵营，而卓尔精灵则是其中的例外。作为被放逐者，卓尔显得险恶而危险，因而通常更倾向于邪恶。 | AV86: 精灵中有的身高低于5尺，而有的则甚至超过6尺。他们身材纤细，属于中型体型。 | AW86: 你的基础步行速度为30尺。 | AX86: 你能够说、读、写通用语和精灵语。 | BA86: 精类血统 | BB86: 你进行对抗魅惑的豁免时具有优势，并且不会因魔法效应而陷入睡眠。 | BC86: 出神 | BD86: 精灵不需要睡眠。他们会在需要休息时陷入持续4个小时的半清醒深度冥想中（通用语中描述此状态的词是“出神Trance”）。冥想时精灵也会做梦，这种梦其实是反应多年来现实生活的思维活动。以这种方式休息后，你获得人类睡眠8小时的全部益处。 | BE86: 增强黑暗视觉 | BF86: 你的黑暗视觉感官范围提升至120尺。 | BG86: 日照敏感 | BH86: 当你进行攻击检定和依赖视觉的感知（察觉）检定时，如果你本人、你的攻击目标或你尝试察觉的东西位于阳光直射下，则你所进行的相应检定具有劣势。 | BI86: 卓尔魔法 | BJ86: 你掌握戏法舞光术dancing light。达到3级后，你可以每日使用一次法术妖火faerie fire。达到5级后，你可以每日使用一次法术黑暗术darkness。这些每日施展一次的法术其施法关键属性是魅力。你必须完成一次长休才能再次以该特质施展这些法术。 | BK86: 卓尔武器训练 | BL86: 你拥有刺剑、短剑和手弩等武器的熟练项。 | BM86: 敏锐感官 | BN86: 你拥有察觉技能的熟练项。
A87: 87 | B87: =IF(法术书I!AA49="","",法术书I!AA49) | C87: =IFERROR(VLOOKUP(B87,列表!$B:$B,1,FALSE),"QuQ") -> QuQ | D87: =IFERROR(VLOOKUP(C87,列表!$B:$T,17,FALSE),"") | E87: 87 | F87: =IF(法术书II!AA49="","",法术书II!AA49) | G87: =IFERROR(VLOOKUP(F87,列表!$B:$B,1,FALSE),"QuQ") -> QuQ | H87: =IFERROR(VLOOKUP(G87,列表!$B:$T,17,FALSE),"") | I87: 87 | J87: =IF(法术书III!AA49="","",法术书III!AA49) | K87: =IFERROR(VLOOKUP(J87,列表!$B:$B,1,FALSE),"QuQ") -> QuQ | L87: =IFERROR(VLOOKUP(K87,列表!$B:$T,17,FALSE),"") | AK87: 卓尔精灵 | AM87: 2 | AQ87: 1 | AT87: 精灵一般在100岁前后宣布成年，寿命可达750岁。 | AU87: 精灵热爱自由与多彩的生活，他们有着很强的表现欲，因而会强烈地倾向混乱阵营。他们尊重他人的自由，有时甚至会对他人的处境感同身受并挺身而出。精灵会更倾向于善良阵营，而卓尔精灵则是其中的例外。作为被放逐者，卓尔显得险恶而危险，因而通常更倾向于邪恶。 | AV87: 精灵中有的身高低于5尺，而有的则甚至超过6尺。他们身材纤细，属于中型体型。 | AW87: 你的基础步行速度为30尺。 | AX87: 你能够说、读、写通用语和精灵语。 | BA87: 精类血统 | BB87: 你进行对抗魅惑的豁免时具有优势，并且不会因魔法效应而陷入睡眠。 | BC87: 出神 | BD87: 精灵不需要睡眠。他们会在需要休息时陷入持续4个小时的半清醒深度冥想中（通用语中描述此状态的词是“出神Trance”）。冥想时精灵也会做梦，这种梦其实是反应多年来现实生活的思维活动。以这种方式休息后，你获得人类睡眠8小时的全部益处。 | BE87: 增强黑暗视觉 | BF87: 你的黑暗视觉感官范围提升至120尺。 | BG87: 日照敏感 | BH87: 当你进行攻击检定和依赖视觉的感知（察觉）检定时，如果你本人、你的攻击目标或你尝试察觉的东西位于阳光直射下，则你所进行的相应检定具有劣势。 | BI87: 卓尔魔法 | BJ87: 你掌握戏法舞光术dancing light。达到3级后，你可以每日使用一次法术妖火faerie fire。达到5级后，你可以每日使用一次法术黑暗术darkness。这些每日施展一次的法术其施法关键属性是魅力。你必须完成一次长休才能再次以该特质施展这些法术。 | BK87: 卓尔武器训练 | BL87: 你拥有刺剑、短剑和手弩等武器的熟练项。 | BM87: 敏锐感官 | BN87: 你拥有察觉技能的熟练项。
A88: 88 | B88: =IF(法术书I!AA50="","",法术书I!AA50) | C88: =IFERROR(VLOOKUP(B88,列表!$B:$B,1,FALSE),"QuQ") -> QuQ | D88: =IFERROR(VLOOKUP(C88,列表!$B:$T,17,FALSE),"") | E88: 88 | F88: =IF(法术书II!AA50="","",法术书II!AA50) | G88: =IFERROR(VLOOKUP(F88,列表!$B:$B,1,FALSE),"QuQ") -> QuQ | H88: =IFERROR(VLOOKUP(G88,列表!$B:$T,17,FALSE),"") | I88: 88 | J88: =IF(法术书III!AA50="","",法术书III!AA50) | K88: =IFERROR(VLOOKUP(J88,列表!$B:$B,1,FALSE),"QuQ") -> QuQ | L88: =IFERROR(VLOOKUP(K88,列表!$B:$T,17,FALSE),"") | AK88: 太阳精灵 | AM88: 2 | AO88: 1 | AT88: 精灵一般在100岁前后宣布成年，寿命可达750岁。 | AU88: 精灵热爱自由与多彩的生活，他们有着很强的表现欲，因而会强烈地倾向混乱阵营。他们尊重他人的自由，有时甚至会对他人的处境感同身受并挺身而出。精灵会更倾向于善良阵营，而卓尔精灵则是其中的例外。作为被放逐者，卓尔显得险恶而危险，因而通常更倾向于邪恶。 | AV88: 精灵中有的身高低于5尺，而有的则甚至超过6尺。他们身材纤细，属于中型体型。 | AW88: 你的基础步行速度为30尺。 | AX88: 你能够说、读、写通用语和精灵语。 | BA88: 精类血统 | BB88: 你进行对抗魅惑的豁免时具有优势，并且不会因魔法效应而陷入睡眠。 | BC88: 出神 | BD88: 精灵不需要睡眠。他们会在需要休息时陷入持续4个小时的半清醒深度冥想中（通用语中描述此状态的词是“出神Trance”）。冥想时精灵也会做梦，这种梦其实是反应多年来现实生活的思维活动。以这种方式休息后，你获得人类睡眠8小时的全部益处。 | BE88: 精灵武器训练 | BF88: 你拥有长剑、短剑、短弓和长弓等武器的熟练项。 | BG88: 戏法 | BH88: 你掌握一个戏法，你可以从法师法术列表中自选其一。其施法关键属性为智力。 | BI88: 额外语言 | BJ88: 你能说、读、写一额外的自选语言。 | BK88: 敏锐感官 | BL88: 你拥有察觉技能的熟练项。
A89: 89 | B89: =IF(法术书I!AA51="","",法术书I!AA51) | C89: =IFERROR(VLOOKUP(B89,列表!$B:$B,1,FALSE),"QuQ") -> QuQ | D89: =IFERROR(VLOOKUP(C89,列表!$B:$T,17,FALSE),"") | E89: 89 | F89: =IF(法术书II!AA51="","",法术书II!AA51) | G89: =IFERROR(VLOOKUP(F89,列表!$B:$B,1,FALSE),"QuQ") -> QuQ | H89: =IFERROR(VLOOKUP(G89,列表!$B:$T,17,FALSE),"") | I89: 89 | J89: =IF(法术书III!AA51="","",法术书III!AA51) | K89: =IFERROR(VLOOKUP(J89,列表!$B:$B,1,FALSE),"QuQ") -> QuQ | L89: =IFERROR(VLOOKUP(K89,列表!$B:$T,17,FALSE),"") | AK89: 黄昏精灵 | AM89: 2 | AT89: 精灵一般在100岁前后宣布成年，寿命可达750岁。 | AU89: 精灵热爱自由与多彩的生活，他们有着很强的表现欲，因而会强烈地倾向混乱阵营。他们尊重他人的自由，有时甚至会对他人的处境感同身受并挺身而出。精灵会更倾向于善良阵营，而卓尔精灵则是其中的例外。作为被放逐者，卓尔显得险恶而危险，因而通常更倾向于邪恶。 | AV89: 精灵中有的身高低于5尺，而有的则甚至超过6尺。他们身材纤细，属于中型体型。 | AW89: 你的基础步行速度为30尺。 | AX89: 你能够说、读、写通用语和精灵语。 | BA89: 精类血统 | BB89: 你进行对抗魅惑的豁免时具有优势，并且不会因魔法效应而陷入睡眠。 | BC89: 出神 | BD89: 精灵不需要睡眠。他们会在需要休息时陷入持续4个小时的半清醒深度冥想中（通用语中描述此状态的词是“出神Trance”）。冥想时精灵也会做梦，这种梦其实是反应多年来现实生活的思维活动。以这种方式休息后，你获得人类睡眠8小时的全部益处。 | BE89: 敏锐感官 | BF89: 你拥有察觉技能的熟练项。
A90: 90 | B90: =IF(法术书I!AA52="","",法术书I!AA52) | C90: =IFERROR(VLOOKUP(B90,列表!$B:$B,1,FALSE),"QuQ") -> QuQ | D90: =IFERROR(VLOOKUP(C90,列表!$B:$T,17,FALSE),"") | E90: 90 | F90: =IF(法术书II!AA52="","",法术书II!AA52) | G90: =IFERROR(VLOOKUP(F90,列表!$B:$B,1,FALSE),"QuQ") -> QuQ | H90: =IFERROR(VLOOKUP(G90,列表!$B:$T,17,FALSE),"") | I90: 90 | J90: =IF(法术书III!AA52="","",法术书III!AA52) | K90: =IFERROR(VLOOKUP(J90,列表!$B:$B,1,FALSE),"QuQ") -> QuQ | L90: =IFERROR(VLOOKUP(K90,列表!$B:$T,17,FALSE),"") | AK90: 月精灵 | AM90: 2 | AO90: 1 | AT90: 精灵一般在100岁前后宣布成年，寿命可达750岁。 | AU90: 精灵热爱自由与多彩的生活，他们有着很强的表现欲，因而会强烈地倾向混乱阵营。他们尊重他人的自由，有时甚至会对他人的处境感同身受并挺身而出。精灵会更倾向于善良阵营，而卓尔精灵则是其中的例外。作为被放逐者，卓尔显得险恶而危险，因而通常更倾向于邪恶。 | AV90: 精灵中有的身高低于5尺，而有的则甚至超过6尺。他们身材纤细，属于中型体型。 | AW90: 你的基础步行速度为30尺。 | AX90: 你能够说、读、写通用语和精灵语。 | BA90: 精类血统 | BB90: 你进行对抗魅惑的豁免时具有优势，并且不会因魔法效应而陷入睡眠。 | BC90: 出神 | BD90: 精灵不需要睡眠。他们会在需要休息时陷入持续4个小时的半清醒深度冥想中（通用语中描述此状态的词是“出神Trance”）。冥想时精灵也会做梦，这种梦其实是反应多年来现实生活的思维活动。以这种方式休息后，你获得人类睡眠8小时的全部益处。 | BE90: 精灵武器训练 | BF90: 你拥有长剑、短剑、短弓和长弓等武器的熟练项。 | BG90: 戏法 | BH90: 你掌握一个戏法，你可以从法师法术列表中自选其一。其施法关键属性为智力。 | BI90: 额外语言 | BJ90: 你能说、读、写一额外的自选语言。 | BK90: 敏锐感官 | BL90: 你拥有察觉技能的熟练项。
AK91: 水生精灵 | AM91: 2 | AT91: 精灵一般在100岁前后宣布成年，寿命可达750岁。 | AU91: 精灵热爱自由与多彩的生活，他们有着很强的表现欲，因而会强烈地倾向混乱阵营。他们尊重他人的自由，有时甚至会对他人的处境感同身受并挺身而出。精灵会更倾向于善良阵营，而卓尔精灵则是其中的例外。作为被放逐者，卓尔显得险恶而危险，因而通常更倾向于邪恶。 | AV91: 精灵中有的身高低于5尺，而有的则甚至超过6尺。他们身材纤细，属于中型体型。 | AW91: 你的基础步行速度为30尺。 | AX91: 你能够说、读、写通用语和精灵语。 | BA91: 精类血统 | BB91: 你进行对抗魅惑的豁免时具有优势，并且不会因魔法效应而陷入睡眠。 | BC91: 出神 | BD91: 精灵不需要睡眠。他们会在需要休息时陷入持续4个小时的半清醒深度冥想中（通用语中描述此状态的词是“出神Trance”）。冥想时精灵也会做梦，这种梦其实是反应多年来现实生活的思维活动。以这种方式休息后，你获得人类睡眠8小时的全部益处。 | BE91: 水生血统 | BF91: 可以选择30尺的游泳速度。 | BG91: 敏锐感官 | BH91: 你拥有察觉技能的熟练项。
A92: 准备栏 | AK92: 海精灵 | AM92: 2 | AN92: 1 | AT92: 精灵一般在100岁前后宣布成年，寿命可达750岁。 | AU92: 精灵热爱自由与多彩的生活，他们有着很强的表现欲，因而会强烈地倾向混乱阵营。他们尊重他人的自由，有时甚至会对他人的处境感同身受并挺身而出。精灵会更倾向于善良阵营，而卓尔精灵则是其中的例外。作为被放逐者，卓尔显得险恶而危险，因而通常更倾向于邪恶。 | AV92: 精灵中有的身高低于5尺，而有的则甚至超过6尺。他们身材纤细，属于中型体型。 | AW92: 你的基础步行速度为30尺。 | AX92: 你能够说、读、写通用语和精灵语、水族语。 | BA92: 精类血统 | BB92: 你进行对抗魅惑的豁免时具有优势，并且不会因魔法效应而陷入睡眠。 | BC92: 出神 | BD92: 精灵不需要睡眠。他们会在需要休息时陷入持续4个小时的半清醒深度冥想中（通用语中描述此状态的词是“出神Trance”）。冥想时精灵也会做梦，这种梦其实是反应多年来现实生活的思维活动。以这种方式休息后，你获得人类睡眠8小时的全部益处。 | BE92: 海精灵武器训练 | BF92: 你熟练于使用矛、三叉戟、轻弩、捕网。 | BG92: 海之子 | BH92: 你拥有30英尺的游泳速度，并可以在空气与水中呼吸。 | BI92: 海之友 | BJ92: 通过手势和声音，你可以与任何拥有天生游泳速度的野兽交流简单的想法。 | BK92: 敏锐感官 | BL92: 你拥有察觉技能的熟练项。
A93: 1 | B93: =B1 | C93: =IF(主要!C53<>"",主要!C53,"") | D93: =IFERROR(VLOOKUP(B93,列表!$B:$T,17,FALSE),"") | AK93: 影灵 | AM93: 2 | AN93: 1 | AT93: 精灵一般在100岁前后宣布成年，寿命可达750岁。 | AU93: 精灵热爱自由与多彩的生活，他们有着很强的表现欲，因而会强烈地倾向混乱阵营。他们尊重他人的自由，有时甚至会对他人的处境感同身受并挺身而出。精灵会更倾向于善良阵营，而卓尔精灵则是其中的例外。作为被放逐者，卓尔显得险恶而危险，因而通常更倾向于邪恶。 | AV93: 精灵中有的身高低于5尺，而有的则甚至超过6尺。他们身材纤细，属于中型体型。 | AW93: 你的基础步行速度为30尺。 | AX93: 你能够说、读、写通用语和精灵语。 | BA93: 精类血统 | BB93: 你进行对抗魅惑的豁免时具有优势，并且不会因魔法效应而陷入睡眠。 | BC93: 出神 | BD93: 精灵不需要睡眠。他们会在需要休息时陷入持续4个小时的半清醒深度冥想中（通用语中描述此状态的词是“出神Trance”）。冥想时精灵也会做梦，这种梦其实是反应多年来现实生活的思维活动。以这种方式休息后，你获得人类睡眠8小时的全部益处。 | BE93: 暗蚀抗性 | BF93: 对暗蚀伤害有抗性。 | BG93: 鸦后祝福 | BH93: 以一个附赠动作，你可以如魔法般传送至多30英尺，以到达一个你可见并且未被占据的空间。一旦你使用了该特性，你需要在结束一次长休息之后才能再次使用。 从3级开始，你将在你以此能力传送之后得到对于所有伤害的抗力。该抗力将持续到你你的下回合开始。在此期间，你的身体呈现出如幽魂般的半透明。 | BI93: 敏锐感官 | BJ93: 你拥有察觉技能的熟练项。
A94: 2 | B94: =B2 | C94: =IF(主要!C54<>"",主要!C54,"") | D94: =IFERROR(VLOOKUP(B94,列表!$B:$T,17,FALSE),"") | P94: 工具表 | Q94: Tools | AK94: 雅灵 | AM94: 2 | AQ94: 1 | AT94: 精灵一般在100岁前后宣布成年，寿命可达750岁。 | AU94: 精灵热爱自由与多彩的生活，他们有着很强的表现欲，因而会强烈地倾向混乱阵营。他们尊重他人的自由，有时甚至会对他人的处境感同身受并挺身而出。精灵会更倾向于善良阵营，而卓尔精灵则是其中的例外。作为被放逐者，卓尔显得险恶而危险，因而通常更倾向于邪恶。 | AV94: 精灵中有的身高低于5尺，而有的则甚至超过6尺。他们身材纤细，属于中型体型。 | AW94: 你的基础步行速度为30尺。 | AX94: 你能够说、读、写通用语和精灵语。 | BA94: 精类血统 | BB94: 你进行对抗魅惑的豁免时具有优势，并且不会因魔法效应而陷入睡眠。 | BC94: 出神 | BD94: 精灵不需要睡眠。他们会在需要休息时陷入持续4个小时的半清醒深度冥想中（通用语中描述此状态的词是“出神Trance”）。冥想时精灵也会做梦，这种梦其实是反应多年来现实生活的思维活动。以这种方式休息后，你获得人类睡眠8小时的全部益处。 | BE94: 精类步 | BF94: 以一个附赠动作，你能使用魔法传送到30尺内你可见的一处未被占据的空间。一旦你使用了该特性，你需要在结束一次短休息或长休息之后才能再次使用。 从3级开始，你的精类步得到了基于你季节的额外效果。如果该效果需要进行一次豁免，则难度等级为8+你的熟练加值+你的魅力调整值： 秋：你使用精类步后，可以立刻选择10尺内你可见的至多两个生物，其必须通过一次感知豁免，否则被你魅惑1分钟，直到你或你的伙伴对其造成任何伤害。 冬：你使用精类步时，你指定的一只传送前于你5尺内的生物必须通过一次感知豁免，否则将在你下回合结束之前对你恐慌。 春：你使用精类步时，可以触摸5尺内一只自愿的生物，他将取代你进行传送，出现于30尺内你选择的对你可见的一处未被占据的空间。 夏：你使用精类步后，5尺内你选择的每一只你可见的生物将受到等同于你的魅力调整值的火焰伤害（至少1点）。 | BG94: 敏锐感官 | BH94: 你拥有察觉技能的熟练项。
A95: 3 | B95: =B3 | C95: =IF(主要!C55<>"",主要!C55,"") | D95: =IFERROR(VLOOKUP(B95,列表!$B:$T,17,FALSE),"") | P95: 物品 | Q95: 价格 | R95: 重量 | AK95: 半身人 | AM95: 2 | AT95: 半身人约20岁成年，一般能活到150岁。 | AU95: 大多数半身人倾向于守序善良。 | AV95: 半身人身高约3尺，体重约40磅。属小型体型。 | AW95: 你的基础步行速度为25尺。 | AX95: 你能够说、读、写通用语和半身人语。 | BA95: 幸运 | BB95: 当攻击检定、属性检定以及豁免检定掷出1时，你可以再重掷一次，但必须使用重掷的结果。 | BC95: 勇气 | BD95: 你进行对抗恐慌的豁免时具有优势。 | BE95: 半身人灵巧 | BF95: 你可以穿越任何体形比你大的生物所在空间。
A96: 4 | B96: =B4 | C96: =IF(主要!C56<>"",主要!C56,"") | D96: =IFERROR(VLOOKUP(B96,列表!$B:$T,17,FALSE),"") | P96: 工匠工具 | AK96: 轻足半身人 | AM96: 2 | AQ96: 1 | AT96: 半身人约20岁成年，一般能活到150岁。 | AU96: 大多数半身人倾向于守序善良。 | AV96: 半身人身高约3尺，体重约40磅。属小型体型。 | AW96: 你的基础步行速度为25尺。 | AX96: 你能够说、读、写通用语和半身人语。 | BA96: 幸运 | BB96: 当攻击检定、属性检定以及豁免检定掷出1时，你可以再重掷一次，但必须使用重掷的结果。 | BC96: 勇气 | BD96: 你进行对抗恐慌的豁免时具有优势。 | BE96: 半身人灵巧 | BF96: 你可以穿越任何体形比你大的生物所在空间。 | BG96: 天生善匿 | BH96: 当你从体型比自己大的生物获得遮蔽时，可以尝试执行躲藏Hide动作。
A97: 5 | B97: =B5 | C97: =IF(主要!C57<>"",主要!C57,"") | D97: =IFERROR(VLOOKUP(B97,列表!$B:$T,17,FALSE),"") | P97: 炼金工具 | Q97: 50 gp | R97: 8磅 | AK97: 强心半身 | AM97: 2 | AN97: 1 | AT97: 半身人约20岁成年，一般能活到150岁。 | AU97: 大多数半身人倾向于守序善良。 | AV97: 半身人身高约3尺，体重约40磅。属小型体型。 | AW97: 你的基础步行速度为25尺。 | AX97: 你能够说、读、写通用语和半身人语。 | BA97: 幸运 | BB97: 当攻击检定、属性检定以及豁免检定掷出1时，你可以再重掷一次，但必须使用重掷的结果。 | BC97: 勇气 | BD97: 你进行对抗恐慌的豁免时具有优势。 | BE97: 半身人灵巧 | BF97: 你可以穿越任何体形比你大的生物所在空间。 | BG97: 敦实体魄 | BH97: 你进行对抗毒素的豁免时具有优势，你拥有毒素伤害的伤害抗性。
A98: 6 | B98: =B6 | C98: =IF(主要!C58<>"",主要!C58,"") | D98: =IFERROR(VLOOKUP(B98,列表!$B:$T,17,FALSE),"") | P98: 酿酒工具 | Q98: 20 gp | R98: 9磅 | AK98: 鬼智半身人 | AM98: 2 | AP98: 1 | AT98: 半身人约20岁成年，一般能活到150岁。 | AU98: 大多数半身人倾向于守序善良。 | AV98: 半身人身高约3尺，体重约40磅。属小型体型。 | AW98: 你的基础步行速度为25尺。 | AX98: 你能够说、读、写通用语和半身人语。 | BA98: 幸运 | BB98: 当攻击检定、属性检定以及豁免检定掷出1时，你可以再重掷一次，但必须使用重掷的结果。 | BC98: 勇气 | BD98: 你进行对抗恐慌的豁免时具有优势。 | BE98: 半身人灵巧 | BF98: 你可以穿越任何体形比你大的生物所在空间。 | BG98: 鬼灵言语 | BH98: 你可以向你30尺内的任何生物如同心灵感应般进行沟通。生物必须与你共同知晓一种语言才能理解你的发言。你通过这个方式每次只能和一名生物进行心灵沟通。
A99: 7 | B99: =B7 | C99: =IF(主要!C59<>"",主要!C59,"") | D99: =IFERROR(VLOOKUP(B99,列表!$B:$T,17,FALSE),"") | P99: 书法工具 | Q99: 10 gp | R99: 5磅 | AK99: 矮人 | AN99: 2 | AT99: 矮人成长的速度和人类相仿，但他们直到50岁前都能被认为是年轻矮人。他们平均能够活350年。 | AU99: 矮人大多倾向于守序，并信奉秩序社会所带来的好处。他们同时也倾向善良阵营而有着极强的公平意识，认为每个人都应该享受到公正平等的好处。 | AV99: 矮人直立身高4到5尺，平均体重约150磅。属于中型体型。 | AW99: 你的基础步行速度为25尺。你的速度不会因穿着重甲而减慢。 | AX99: 你能够说、读、写通用语和矮人语。 | BA99: 黑暗视觉 | BB99: 你习惯了地下生活，因而在黑暗和微光环境下有着良好的视力。在微光光照下，你身边60尺内可以视为等同于明亮光照。而在黑暗中，该范围内可视为等同于微光光照。你无法在黑暗中分辨颜色，只能看到有灰度的黑白画面。 | BC99: 矮人体魄 | BD99: 你进行对抗毒素的豁免时具有优势，并且拥有毒素伤害的抗性。 | BE99: 矮人军训 | BF99: 你具有战斧，手斧，轻锤和战锤等武器的熟练项。 | BG99: 工具熟练项 | BH99: 你获得一个工匠工具的熟练项，从以下项目中自选其一：铁匠工具，酿酒工具或石匠工具。 | BI99: 石中精妙 | BJ99: 每当你对一件石制品的起源做智力（历史）检定时，你视为具有历史技能的熟练项，并可以在检定中加上双倍的熟练加值，而非你平时的熟练加值。
A100: 8 | B100: =B8 | C100: =IF(主要!C60<>"",主要!C60,"") | D100: =IFERROR(VLOOKUP(B100,列表!$B:$T,17,FALSE),"") | P100: 木匠工具 | Q100: 8 gp | R100: 6磅 | AK100: 丘陵矮人 | AN100: 2 | AP100: 1 | AT100: 矮人成长的速度和人类相仿，但他们直到50岁前都能被认为是年轻矮人。他们平均能够活350年。 | AU100: 矮人大多倾向于守序，并信奉秩序社会所带来的好处。他们同时也倾向善良阵营而有着极强的公平意识，认为每个人都应该享受到公正平等的好处。 | AV100: 矮人直立身高4到5尺，平均体重约150磅。属于中型体型。 | AW100: 你的基础步行速度为25尺。你的速度不会因穿着重甲而减慢。 | AX100: 你能够说、读、写通用语和矮人语。 | BA100: 黑暗视觉 | BB100: 你习惯了地下生活，因而在黑暗和微光环境下有着良好的视力。在微光光照下，你身边60尺内可以视为等同于明亮光照。而在黑暗中，该范围内可视为等同于微光光照。你无法在黑暗中分辨颜色，只能看到有灰度的黑白画面。 | BC100: 矮人体魄 | BD100: 你进行对抗毒素的豁免时具有优势，并且拥有毒素伤害的抗性。 | BE100: 矮人军训 | BF100: 你具有战斧，手斧，轻锤和战锤等武器的熟练项。 | BG100: 工具熟练项 | BH100: 你获得一个工匠工具的熟练项，从以下项目中自选其一：铁匠工具，酿酒工具或石匠工具。 | BI100: 石中精妙 | BJ100: 每当你对一件石制品的起源做智力（历史）检定时，你视为具有历史技能的熟练项，并可以在检定中加上双倍的熟练加值，而非你平时的熟练加值。 | BK100: 矮人刚毅 | BL100: 你的生命值最大值加1，且此后每次升级时再加1。
...

Sheet 背包
A1: 背包 Inventory
B3: 背包1 | V3: =SUM(DB!A2:A22) -> 0 | Y3: 背包2 | AS3: =SUM(DB!B2:B22) -> 0
B4: 名称 | I4: 描述 | S4: lb | V4: 数量 | Y4: 名称 | AF4: 描述 | AP4: lb | AS4: 数量
U5: × | AR5: ×
U6: × | AR6: ×
U7: × | AR7: ×
U8: × | AR8: ×
U9: × | AR9: ×
U10: × | AR10: ×
U11: × | AR11: ×
U12: × | AR12: ×
U13: × | AR13: ×
U14: × | AR14: ×
U16: × | AR16: ×
U17: × | AR17: ×
... U25: × | AR25: ×
B27: 背包3（次元袋） | V27: 无效 | Y27: 背包4（次元袋） | AS27: 无效
B28: 名称 | I28: 描述 | S28: lb | V28: 数量 | Y28: 名称 | AF28: 描述 | AP28: lb | AS28: 数量
U29: × | AR29: ×
U30: × | AR30: ×
U31: × | AR31: ×
U32: × | AR32: ×
U33: × | AR33: ×
U34: × | AR34: ×
U35: × | AR35: ×
U36: × | AR36: ×
U37: × | AR37: ×
U38: × | AR38: ×
U40: × | AR40: ×
U41: × | AR41: ×
... U82: × | AR82: ×
B84: 次元袋负重（实际） | J84: 15 | M84: 次元袋负重（收纳） | U84: =SUM(DB!C2:C55) -> 0 | Y84: 次元袋负重（实际） | AG84: 15 | AJ84: 次元袋负重（收纳） | AR84: =SUM(DB!D2:D55) -> 0
B86: 玩家笔记1 | Y86: 玩家笔记2
B112: 个人据点储物箱 | Y112: 个人据点财产 | AH112: 个人财产收入
C113: 物品名称 | I113: 物品描述 | V113: 数量 | Y113: 币种 | AA113: 数量 | AH113: 币种 | AJ113: 来源
B114: 1 | Y114: PP | AH114: PP
B115: 2 | Y115: EP | AH115: EP
B116: 3 | Y116: GP | AH116: GP
B117: 4 | Y117: SP | AH117: SP
B118: 5 | Y118: CP | AH118: CP
B119: 6
B120: 7 | Y120: 个人据点武器架
B121: 8 | Z121: 名称 | AF121: 描述 | AS121: 数量
B122: 9 | Y122: 1
B123: 10 | Y123: 2
B124: 11 | Y124: 3
B125: 12 | Y125: 4
B126: 13 | Y126: 5
B127: 14 | Y127: 6
B128: 15 | Y128: 7
B129: 16 | Y129: 8
B130: 17 | Y130: 9
B131: 18 | Y131: 10
B132: 19 | Y132: 11
B133: 20 | Y133: 12
... B171: 58 | Y171: 50
B172: 59
B173: 60 | Y173: 杂物间
B174: 61 | Z174: 名称 | AF174: 描述 | AS174: 数量
B175: 62 | Y175: 1
B176: 63 | Y176: 2
B177: 64 | Y177: 3
B178: 65 | Y178: 4
B179: 66 | Y179: 5
B180: 67 | Y180: 6
B181: 68 | Y181: 7
B182: 69 | Y182: 8
B183: 70 | Y183: 9
B184: 71 | Y184: 10
B185: 72 | Y185: 11
B186: 73 | Y186: 12
... B213: 100 | Y213: 39

Sheet 法术书I
C3: =IFERROR(IF(AA5<>"",AA5,(IF(W5=VLOOKUP(W5,列表!$B$2:$L$557,11,FALSE),W5,""))),"")
T4: 书页标签
U5: =IF(W5="","","Lv") | W5: =IFERROR(VLOOKUP(法术书目录!$O$1,法术书目录!$A:$C,2,FALSE),"空白标签") | X5: 优先读取 | Y5: =IF(AA5="","","Lv")
U6: =IFERROR(VLOOKUP((VLOOKUP(W5,列表!$B:$T,13,FALSE)),法术书目录!$Q$1:$R$10,2,FALSE),"") | Y6: =IFERROR(VLOOKUP((VLOOKUP(AA5,列表!$B:$T,13,FALSE)),法术书目录!$Q$1:$R$10,2,FALSE),"")
T7: 目录
C8: =IFERROR(VLOOKUP(C3,列表!$B:$T,12,FALSE),"") | O8: =IFERROR(VLOOKUP(C3,列表!$B:$T,2,FALSE),"") | T8: =IF(法术书目录!C1<>"QuQ",AC8,"") | U8: =IFERROR(VLOOKUP((VLOOKUP(W8,列表!$B:$T,13,FALSE)),法术书目录!$Q$1:$R$10,2,FALSE),"") | V8: =法术书目录!D1 | X8: =IF(法术书目录!C46<>"QuQ",AD8,"") | Y8: =IFERROR(VLOOKUP((VLOOKUP(AA8,列表!$B:$T,13,FALSE)),法术书目录!$Q$1:$R$10,2,FALSE),"") | Z8: =法术书目录!D46 | AC8: 1 | AD8: 46
C9: =IF(E9<>"","适用职业：","") | E9: =IFERROR(VLOOKUP(C3,列表!$B:$T,3,FALSE),"") | K9: =IF(M9<>"","等级：","") | M9: =IFERROR(VLOOKUP(C3,列表!$B:$T,13,FALSE),"") | O9: =IF(Q9<>"","系别：","") | Q9: =IFERROR(VLOOKUP(C3,列表!$B:$T,14,FALSE),"") | T9: =IF(法术书目录!C2<>"QuQ",AC9,"") | U9: =IFERROR(VLOOKUP((VLOOKUP(W9,列表!$B:$T,13,FALSE)),法术书目录!$Q$1:$R$10,2,FALSE),"") | V9: =法术书目录!D2 | X9: =IF(法术书目录!C47<>"QuQ",AD9,"") | Y9: =IFERROR(VLOOKUP((VLOOKUP(AA9,列表!$B:$T,13,FALSE)),法术书目录!$Q$1:$R$10,2,FALSE),"") | Z9: =法术书目录!D47 | AC9: 2 | AD9: 47
T10: =IF(法术书目录!C3<>"QuQ",AC10,"") | U10: =IFERROR(VLOOKUP((VLOOKUP(W10,列表!$B:$T,13,FALSE)),法术书目录!$Q$1:$R$10,2,FALSE),"") | V10: =法术书目录!D3 | X10: =IF(法术书目录!C48<>"QuQ",AD10,"") | Y10: =IFERROR(VLOOKUP((VLOOKUP(AA10,列表!$B:$T,13,FALSE)),法术书目录!$Q$1:$R$10,2,FALSE),"") | Z10: =法术书目录!D48 | AC10: 3 | AD10: 48
C11: =IF(E11<>"","施法时间：","") | E11: =IFERROR(VLOOKUP(C3,列表!$B:$T,5,FALSE),"") | K11: =IF(M11<>"","施法距离：","") | M11: =IFERROR(VLOOKUP(C3,列表!$B:$T,6,FALSE),"") | T11: =IF(法术书目录!C4<>"QuQ",AC11,"") | U11: =IFERROR(VLOOKUP((VLOOKUP(W11,列表!$B:$T,13,FALSE)),法术书目录!$Q$1:$R$10,2,FALSE),"") | V11: =法术书目录!D4 | X11: =IF(法术书目录!C49<>"QuQ",AD11,"") | Y11: =IFERROR(VLOOKUP((VLOOKUP(AA11,列表!$B:$T,13,FALSE)),法术书目录!$Q$1:$R$10,2,FALSE),"") | Z11: =法术书目录!D49 | AC11: 4 | AD11: 49
T12: =IF(法术书目录!C5<>"QuQ",AC12,"") | U12: =IFERROR(VLOOKUP((VLOOKUP(W12,列表!$B:$T,13,FALSE)),法术书目录!$Q$1:$R$10,2,FALSE),"") | V12: =法术书目录!D5 | X12: =IF(法术书目录!C50<>"QuQ",AD12,"") | Y12: =IFERROR(VLOOKUP((VLOOKUP(AA12,列表!$B:$T,13,FALSE)),法术书目录!$Q$1:$R$10,2,FALSE),"") | Z12: =法术书目录!D50 | AC12: 5 | AD12: 50
C13: =IF(E13<>"","法术成分：","") | E13: =IFERROR(VLOOKUP(C3,列表!$B:$T,15,FALSE),"") | F13: =IF(H13<>"","法术材料：","") | H13: =IFERROR(IF(VLOOKUP(C3,列表!$B:$T,16,FALSE)=0,"",VLOOKUP(C3,列表!$B:$T,16,FALSE)),"") | T13: =IF(法术书目录!C6<>"QuQ",AC13,"") | U13: =IFERROR(VLOOKUP((VLOOKUP(W13,列表!$B:$T,13,FALSE)),法术书目录!$Q$1:$R$10,2,FALSE),"") | V13: =法术书目录!D6 | X13: =IF(法术书目录!C51<>"QuQ",AD13,"") | Y13: =IFERROR(VLOOKUP((VLOOKUP(AA13,列表!$B:$T,13,FALSE)),法术书目录!$Q$1:$R$10,2,FALSE),"") | Z13: =法术书目录!D51 | AC13: 6 | AD13: 51
T14: =IF(法术书目录!C7<>"QuQ",AC14,"") | U14: =IFERROR(VLOOKUP((VLOOKUP(W14,列表!$B:$T,13,FALSE)),法术书目录!$Q$1:$R$10,2,FALSE),"") | V14: =法术书目录!D7 | X14: =IF(法术书目录!C52<>"QuQ",AD14,"") | Y14: =IFERROR(VLOOKUP((VLOOKUP(AA14,列表!$B:$T,13,FALSE)),法术书目录!$Q$1:$R$10,2,FALSE),"") | Z14: =法术书目录!D52 | AC14: 7 | AD14: 52
T15: =IF(法术书目录!C8<>"QuQ",AC15,"") | U15: =IFERROR(VLOOKUP((VLOOKUP(W15,列表!$B:$T,13,FALSE)),法术书目录!$Q$1:$R$10,2,FALSE),"") | V15: =法术书目录!D8 | X15: =IF(法术书目录!C53<>"QuQ",AD15,"") | Y15: =IFERROR(VLOOKUP((VLOOKUP(AA15,列表!$B:$T,13,FALSE)),法术书目录!$Q$1:$R$10,2,FALSE),"") | Z15: =法术书目录!D53 | AC15: 8 | AD15: 53
T16: =IF(法术书目录!C9<>"QuQ",AC16,"") | U16: =IFERROR(VLOOKUP((VLOOKUP(W16,列表!$B:$T,13,FALSE)),法术书目录!$Q$1:$R$10,2,FALSE),"") | V16: =法术书目录!D9 | X16: =IF(法术书目录!C54<>"QuQ",AD16,"") | Y16: =IFERROR(VLOOKUP((VLOOKUP(AA16,列表!$B:$T,13,FALSE)),法术书目录!$Q$1:$R$10,2,FALSE),"") | Z16: =法术书目录!D54 | AC16: 9 | AD16: 54
T17: =IF(法术书目录!C10<>"QuQ",AC17,"") | U17: =IFERROR(VLOOKUP((VLOOKUP(W17,列表!$B:$T,13,FALSE)),法术书目录!$Q$1:$R$10,2,FALSE),"") | V17: =法术书目录!D10 | X17: =IF(法术书目录!C55<>"QuQ",AD17,"") | Y17: =IFERROR(VLOOKUP((VLOOKUP(AA17,列表!$B:$T,13,FALSE)),法术书目录!$Q$1:$R$10,2,FALSE),"") | Z17: =法术书目录!D55 | AC17: 10 | AD17: 55
T18: =IF(法术书目录!C11<>"QuQ",AC18,"") | U18: =IFERROR(VLOOKUP((VLOOKUP(W18,列表!$B:$T,13,FALSE)),法术书目录!$Q$1:$R$10,2,FALSE),"") | V18: =法术书目录!D11 | X18: =IF(法术书目录!C56<>"QuQ",AD18,"") | Y18: =IFERROR(VLOOKUP((VLOOKUP(AA18,列表!$B:$T,13,FALSE)),法术书目录!$Q$1:$R$10,2,FALSE),"") | Z18: =法术书目录!D56 | AC18: 11 | AD18: 56
C19: =IF(E19<>"","持续时间：","") | E19: =IFERROR(VLOOKUP(C3,列表!$B:$T,8,FALSE),"") | T19: =IF(法术书目录!C12<>"QuQ",AC19,"") | U19: =IFERROR(VLOOKUP((VLOOKUP(W19,列表!$B:$T,13,FALSE)),法术书目录!$Q$1:$R$10,2,FALSE),"") | V19: =法术书目录!D12 | X19: =IF(法术书目录!C57<>"QuQ",AD19,"") | Y19: =IFERROR(VLOOKUP((VLOOKUP(AA19,列表!$B:$T,13,FALSE)),法术书目录!$Q$1:$R$10,2,FALSE),"") | Z19: =法术书目录!D57 | AC19: 12 | AD19: 57
T20: =IF(法术书目录!C13<>"QuQ",AC20,"") | U20: =IFERROR(VLOOKUP((VLOOKUP(W20,列表!$B:$T,13,FALSE)),法术书目录!$Q$1:$R$10,2,FALSE),"") | V20: =法术书目录!D13 | X20: =IF(法术书目录!C58<>"QuQ",AD20,"") | Y20: =IFERROR(VLOOKUP((VLOOKUP(AA20,列表!$B:$T,13,FALSE)),法术书目录!$Q$1:$R$10,2,FALSE),"") | Z20: =法术书目录!D58 | AC20: 13 | AD20: 58
T21: =IF(法术书目录!C14<>"QuQ",AC21,"") | U21: =IFERROR(VLOOKUP((VLOOKUP(W21,列表!$B:$T,13,FALSE)),法术书目录!$Q$1:$R$10,2,FALSE),"") | V21: =法术书目录!D14 | X21: =IF(法术书目录!C59<>"QuQ",AD21,"") | Y21: =IFERROR(VLOOKUP((VLOOKUP(AA21,列表!$B:$T,13,FALSE)),法术书目录!$Q$1:$R$10,2,FALSE),"") | Z21: =法术书目录!D59 | AC21: 14 | AD21: 59
C22: =IF(C23<>"","法术说明","") | T22: =IF(法术书目录!C15<>"QuQ",AC22,"") | U22: =IFERROR(VLOOKUP((VLOOKUP(W22,列表!$B:$T,13,FALSE)),法术书目录!$Q$1:$R$10,2,FALSE),"") | V22: =法术书目录!D15 | X22: =IF(法术书目录!C60<>"QuQ",AD22,"") | Y22: =IFERROR(VLOOKUP((VLOOKUP(AA22,列表!$B:$T,13,FALSE)),法术书目录!$Q$1:$R$10,2,FALSE),"") | Z22: =法术书目录!D60 | AC22: 15 | AD22: 60
C23: =IFERROR(VLOOKUP(C3,列表!$B:$T,9,FALSE),"") | T23: =IF(法术书目录!C16<>"QuQ",AC23,"") | U23: =IFERROR(VLOOKUP((VLOOKUP(W23,列表!$B:$T,13,FALSE)),法术书目录!$Q$1:$R$10,2,FALSE),"") | V23: =法术书目录!D16 | X23: =IF(法术书目录!C61<>"QuQ",AD23,"") | Y23: =IFERROR(VLOOKUP((VLOOKUP(AA23,列表!$B:$T,13,FALSE)),法术书目录!$Q$1:$R$10,2,FALSE),"") | Z23: =法术书目录!D61 | AC23: 16 | AD23: 61
T24: =IF(法术书目录!C17<>"QuQ",AC24,"") | U24: =IFERROR(VLOOKUP((VLOOKUP(W24,列表!$B:$T,13,FALSE)),法术书目录!$Q$1:$R$10,2,FALSE),"") | V24: =法术书目录!D17 | X24: =IF(法术书目录!C62<>"QuQ",AD24,"") | Y24: =IFERROR(VLOOKUP((VLOOKUP(AA24,列表!$B:$T,13,FALSE)),法术书目录!$Q$1:$R$10,2,FALSE),"") | Z24: =法术书目录!D62 | AC24: 17 | AD24: 62
T25: =IF(法术书目录!C18<>"QuQ",AC25,"") | U25: =IFERROR(VLOOKUP((VLOOKUP(W25,列表!$B:$T,13,FALSE)),法术书目录!$Q$1:$R$10,2,FALSE),"") | V25: =法术书目录!D18 | X25: =IF(法术书目录!C63<>"QuQ",AD25,"") | Y25: =IFERROR(VLOOKUP((VLOOKUP(AA25,列表!$B:$T,13,FALSE)),法术书目录!$Q$1:$R$10,2,FALSE),"") | Z25: =法术书目录!D63 | AC25: 18 | AD25: 63
T26: =IF(法术书目录!C19<>"QuQ",AC26,"") | U26: =IFERROR(VLOOKUP((VLOOKUP(W26,列表!$B:$T,13,FALSE)),法术书目录!$Q$1:$R$10,2,FALSE),"") | V26: =法术书目录!D19 | X26: =IF(法术书目录!C64<>"QuQ",AD26,"") | Y26: =IFERROR(VLOOKUP((VLOOKUP(AA26,列表!$B:$T,13,FALSE)),法术书目录!$Q$1:$R$10,2,FALSE),"") | Z26: =法术书目录!D64 | AC26: 19 | AD26: 64
T27: =IF(法术书目录!C20<>"QuQ",AC27,"") | U27: =IFERROR(VLOOKUP((VLOOKUP(W27,列表!$B:$T,13,FALSE)),法术书目录!$Q$1:$R$10,2,FALSE),"") | V27: =法术书目录!D20 | X27: =IF(法术书目录!C65<>"QuQ",AD27,"") | Y27: =IFERROR(VLOOKUP((VLOOKUP(AA27,列表!$B:$T,13,FALSE)),法术书目录!$Q$1:$R$10,2,FALSE),"") | Z27: =法术书目录!D65 | AC27: 20 | AD27: 65
T28: =IF(法术书目录!C21<>"QuQ",AC28,"") | U28: =IFERROR(VLOOKUP((VLOOKUP(W28,列表!$B:$T,13,FALSE)),法术书目录!$Q$1:$R$10,2,FALSE),"") | V28: =法术书目录!D21 | X28: =IF(法术书目录!C66<>"QuQ",AD28,"") | Y28: =IFERROR(VLOOKUP((VLOOKUP(AA28,列表!$B:$T,13,FALSE)),法术书目录!$Q$1:$R$10,2,FALSE),"") | Z28: =法术书目录!D66 | AC28: 21 | AD28: 66
T29: =IF(法术书目录!C22<>"QuQ",AC29,"") | U29: =IFERROR(VLOOKUP((VLOOKUP(W29,列表!$B:$T,13,FALSE)),法术书目录!$Q$1:$R$10,2,FALSE),"") | V29: =法术书目录!D22 | X29: =IF(法术书目录!C67<>"QuQ",AD29,"") | Y29: =IFERROR(VLOOKUP((VLOOKUP(AA29,列表!$B:$T,13,FALSE)),法术书目录!$Q$1:$R$10,2,FALSE),"") | Z29: =法术书目录!D67 | AC29: 22 | AD29: 67
T30: =IF(法术书目录!C23<>"QuQ",AC30,"") | U30: =IFERROR(VLOOKUP((VLOOKUP(W30,列表!$B:$T,13,FALSE)),法术书目录!$Q$1:$R$10,2,FALSE),"") | V30: =法术书目录!D23 | X30: =IF(法术书目录!C68<>"QuQ",AD30,"") | Y30: =IFERROR(VLOOKUP((VLOOKUP(AA30,列表!$B:$T,13,FALSE)),法术书目录!$Q$1:$R$10,2,FALSE),"") | Z30: =法术书目录!D68 | AC30: 23 | AD30: 68
T31: =IF(法术书目录!C24<>"QuQ",AC31,"") | U31: =IFERROR(VLOOKUP((VLOOKUP(W31,列表!$B:$T,13,FALSE)),法术书目录!$Q$1:$R$10,2,FALSE),"") | V31: =法术书目录!D24 | X31: =IF(法术书目录!C69<>"QuQ",AD31,"") | Y31: =IFERROR(VLOOKUP((VLOOKUP(AA31,列表!$B:$T,13,FALSE)),法术书目录!$Q$1:$R$10,2,FALSE),"") | Z31: =法术书目录!D69 | AC31: 24 | AD31: 69
T32: =IF(法术书目录!C25<>"QuQ",AC32,"") | U32: =IFERROR(VLOOKUP((VLOOKUP(W32,列表!$B:$T,13,FALSE)),法术书目录!$Q$1:$R$10,2,FALSE),"") | V32: =法术书目录!D25 | X32: =IF(法术书目录!C70<>"QuQ",AD32,"") | Y32: =IFERROR(VLOOKUP((VLOOKUP(AA32,列表!$B:$T,13,FALSE)),法术书目录!$Q$1:$R$10,2,FALSE),"") | Z32: =法术书目录!D70 | AC32: 25 | AD32: 70
T33: =IF(法术书目录!C26<>"QuQ",AC33,"") | U33: =IFERROR(VLOOKUP((VLOOKUP(W33,列表!$B:$T,13,FALSE)),法术书目录!$Q$1:$R$10,2,FALSE),"") | V33: =法术书目录!D26 | X33: =IF(法术书目录!C71<>"QuQ",AD33,"") | Y33: =IFERROR(VLOOKUP((VLOOKUP(AA33,列表!$B:$T,13,FALSE)),法术书目录!$Q$1:$R$10,2,FALSE),"") | Z33: =法术书目录!D71 | AC33: 26 | AD33: 71
T34: =IF(法术书目录!C27<>"QuQ",AC34,"") | U34: =IFERROR(VLOOKUP((VLOOKUP(W34,列表!$B:$T,13,FALSE)),法术书目录!$Q$1:$R$10,2,FALSE),"") | V34: =法术书目录!D27 | X34: =IF(法术书目录!C72<>"QuQ",AD34,"") | Y34: =IFERROR(VLOOKUP((VLOOKUP(AA34,列表!$B:$T,13,FALSE)),法术书目录!$Q$1:$R$10,2,FALSE),"") | Z34: =法术书目录!D72 | AC34: 27 | AD34: 72
T35: =IF(法术书目录!C28<>"QuQ",AC35,"") | U35: =IFERROR(VLOOKUP((VLOOKUP(W35,列表!$B:$T,13,FALSE)),法术书目录!$Q$1:$R$10,2,FALSE),"") | V35: =法术书目录!D28 | X35: =IF(法术书目录!C73<>"QuQ",AD35,"") | Y35: =IFERROR(VLOOKUP((VLOOKUP(AA35,列表!$B:$T,13,FALSE)),法术书目录!$Q$1:$R$10,2,FALSE),"") | Z35: =法术书目录!D73 | AC35: 28 | AD35: 73
... T52: =IF(法术书目录!C45<>"QuQ",AC52,"") | U52: =IFERROR(VLOOKUP((VLOOKUP(W52,列表!$B:$T,13,FALSE)),法术书目录!$Q$1:$R$10,2,FALSE),"") | V52: =法术书目录!D45 | X52: =IF(法术书目录!C90<>"QuQ",AD52,"") | Y52: =IFERROR(VLOOKUP((VLOOKUP(AA52,列表!$B:$T,13,FALSE)),法术书目录!$Q$1:$R$10,2,FALSE),"") | Z52: =法术书目录!D90 | AC52: 45 | AD52: 90

Sheet 法术书II
C3: =IFERROR(IF(AA5<>"",AA5,(IF(W5=VLOOKUP(W5,列表!$B$2:$L$557,11,FALSE),W5,""))),"")
T4: 书页标签
U5: =IF(W5="","","Lv") | W5: =IFERROR(VLOOKUP(法术书目录!$O$2,法术书目录!$E:$G,2,FALSE),"空白标签") | X5: 优先读取 | Y5: =IF(AA5="","","Lv")
U6: =IFERROR(VLOOKUP((VLOOKUP(W5,列表!$B:$T,13,FALSE)),法术书目录!$Q$1:$R$10,2,FALSE),"") | Y6: =IFERROR(VLOOKUP((VLOOKUP(AA5,列表!$B:$T,13,FALSE)),法术书目录!$Q$1:$R$10,2,FALSE),"")
T7: 目录
C8: =IFERROR(VLOOKUP(C3,列表!$B:$T,12,FALSE),"") | O8: =IFERROR(VLOOKUP(C3,列表!$B:$T,2,FALSE),"") | T8: =IF(法术书目录!G1<>"QuQ",AC8,"") | U8: =IFERROR(VLOOKUP((VLOOKUP(W8,列表!$B:$T,13,FALSE)),法术书目录!$Q$1:$R$10,2,FALSE),"") | V8: =法术书目录!H1 | X8: =IF(法术书目录!G46<>"QuQ",AD8,"") | Y8: =IFERROR(VLOOKUP((VLOOKUP(AA8,列表!$B:$T,13,FALSE)),法术书目录!$Q$1:$R$10,2,FALSE),"") | Z8: =法术书目录!H46 | AC8: 1 | AD8: 46
C9: =IF(E9<>"","适用职业：","") | E9: =IFERROR(VLOOKUP(C3,列表!$B:$T,3,FALSE),"") | K9: =IF(M9<>"","等级：","") | M9: =IFERROR(VLOOKUP(C3,列表!$B:$T,13,FALSE),"") | O9: =IF(Q9<>"","系别：","") | Q9: =IFERROR(VLOOKUP(C3,列表!$B:$T,14,FALSE),"") | T9: =IF(法术书目录!G2<>"QuQ",AC9,"") | U9: =IFERROR(VLOOKUP((VLOOKUP(W9,列表!$B:$T,13,FALSE)),法术书目录!$Q$1:$R$10,2,FALSE),"") | V9: =法术书目录!H2 | X9: =IF(法术书目录!G47<>"QuQ",AD9,"") | Y9: =IFERROR(VLOOKUP((VLOOKUP(AA9,列表!$B:$T,13,FALSE)),法术书目录!$Q$1:$R$10,2,FALSE),"") | Z9: =法术书目录!H47 | AC9: 2 | AD9: 47
T10: =IF(法术书目录!G3<>"QuQ",AC10,"") | U10: =IFERROR(VLOOKUP((VLOOKUP(W10,列表!$B:$T,13,FALSE)),法术书目录!$Q$1:$R$10,2,FALSE),"") | V10: =法术书目录!H3 | X10: =IF(法术书目录!G48<>"QuQ",AD10,"") | Y10: =IFERROR(VLOOKUP((VLOOKUP(AA10,列表!$B:$T,13,FALSE)),法术书目录!$Q$1:$R$10,2,FALSE),"") | Z10: =法术书目录!H48 | AC10: 3 | AD10: 48
C11: =IF(E11<>"","施法时间：","") | E11: =IFERROR(VLOOKUP(C3,列表!$B:$T,5,FALSE),"") | K11: =IF(M11<>"","施法距离：","") | M11: =IFERROR(VLOOKUP(C3,列表!$B:$T,6,FALSE),"") | T11: =IF(法术书目录!G4<>"QuQ",AC11,"") | U11: =IFERROR(VLOOKUP((VLOOKUP(W11,列表!$B:$T,13,FALSE)),法术书目录!$Q$1:$R$10,2,FALSE),"") | V11: =法术书目录!H4 | X11: =IF(法术书目录!G49<>"QuQ",AD11,"") | Y11: =IFERROR(VLOOKUP((VLOOKUP(AA11,列表!$B:$T,13,FALSE)),法术书目录!$Q$1:$R$10,2,FALSE),"") | Z11: =法术书目录!H49 | AC11: 4 | AD11: 49
T12: =IF(法术书目录!G5<>"QuQ",AC12,"") | U12: =IFERROR(VLOOKUP((VLOOKUP(W12,列表!$B:$T,13,FALSE)),法术书目录!$Q$1:$R$10,2,FALSE),"") | V12: =法术书目录!H5 | X12: =IF(法术书目录!G50<>"QuQ",AD12,"") | Y12: =IFERROR(VLOOKUP((VLOOKUP(AA12,列表!$B:$T,13,FALSE)),法术书目录!$Q$1:$R$10,2,FALSE),"") | Z12: =法术书目录!H50 | AC12: 5 | AD12: 50
C13: =IF(E13<>"","法术成分：","") | E13: =IFERROR(VLOOKUP(C3,列表!$B:$T,15,FALSE),"") | F13: =IF(H13<>"","法术材料：","") | H13: =IFERROR(IF(VLOOKUP(C3,列表!$B:$T,16,FALSE)=0,"",VLOOKUP(C3,列表!$B:$T,16,FALSE)),"") | T13: =IF(法术书目录!G6<>"QuQ",AC13,"") | U13: =IFERROR(VLOOKUP((VLOOKUP(W13,列表!$B:$T,13,FALSE)),法术书目录!$Q$1:$R$10,2,FALSE),"") | V13: =法术书目录!H6 | X13: =IF(法术书目录!G51<>"QuQ",AD13,"") | Y13: =IFERROR(VLOOKUP((VLOOKUP(AA13,列表!$B:$T,13,FALSE)),法术书目录!$Q$1:$R$10,2,FALSE),"") | Z13: =法术书目录!H51 | AC13: 6 | AD13: 51
T14: =IF(法术书目录!G7<>"QuQ",AC14,"") | U14: =IFERROR(VLOOKUP((VLOOKUP(W14,列表!$B:$T,13,FALSE)),法术书目录!$Q$1:$R$10,2,FALSE),"") | V14: =法术书目录!H7 | X14: =IF(法术书目录!G52<>"QuQ",AD14,"") | Y14: =IFERROR(VLOOKUP((VLOOKUP(AA14,列表!$B:$T,13,FALSE)),法术书目录!$Q$1:$R$10,2,FALSE),"") | Z14: =法术书目录!H52 | AC14: 7 | AD14: 52
T15: =IF(法术书目录!G8<>"QuQ",AC15,"") | U15: =IFERROR(VLOOKUP((VLOOKUP(W15,列表!$B:$T,13,FALSE)),法术书目录!$Q$1:$R$10,2,FALSE),"") | V15: =法术书目录!H8 | X15: =IF(法术书目录!G53<>"QuQ",AD15,"") | Y15: =IFERROR(VLOOKUP((VLOOKUP(AA15,列表!$B:$T,13,FALSE)),法术书目录!$Q$1:$R$10,2,FALSE),"") | Z15: =法术书目录!H53 | AC15: 8 | AD15: 53
T16: =IF(法术书目录!G9<>"QuQ",AC16,"") | U16: =IFERROR(VLOOKUP((VLOOKUP(W16,列表!$B:$T,13,FALSE)),法术书目录!$Q$1:$R$10,2,FALSE),"") | V16: =法术书目录!H9 | X16: =IF(法术书目录!G54<>"QuQ",AD16,"") | Y16: =IFERROR(VLOOKUP((VLOOKUP(AA16,列表!$B:$T,13,FALSE)),法术书目录!$Q$1:$R$10,2,FALSE),"") | Z16: =法术书目录!H54 | AC16: 9 | AD16: 54
T17: =IF(法术书目录!G10<>"QuQ",AC17,"") | U17: =IFERROR(VLOOKUP((VLOOKUP(W17,列表!$B:$T,13,FALSE)),法术书目录!$Q$1:$R$10,2,FALSE),"") | V17: =法术书目录!H10 | X17: =IF(法术书目录!G55<>"QuQ",AD17,"") | Y17: =IFERROR(VLOOKUP((VLOOKUP(AA17,列表!$B:$T,13,FALSE)),法术书目录!$Q$1:$R$10,2,FALSE),"") | Z17: =法术书目录!H55 | AC17: 10 | AD17: 55
T18: =IF(法术书目录!G11<>"QuQ",AC18,"") | U18: =IFERROR(VLOOKUP((VLOOKUP(W18,列表!$B:$T,13,FALSE)),法术书目录!$Q$1:$R$10,2,FALSE),"") | V18: =法术书目录!H11 | X18: =IF(法术书目录!G56<>"QuQ",AD18,"") | Y18: =IFERROR(VLOOKUP((VLOOKUP(AA18,列表!$B:$T,13,FALSE)),法术书目录!$Q$1:$R$10,2,FALSE),"") | Z18: =法术书目录!H56 | AC18: 11 | AD18: 56
C19: =IF(E19<>"","持续时间：","") | E19: =IFERROR(VLOOKUP(C3,列表!$B:$T,8,FALSE),"") | T19: =IF(法术书目录!G12<>"QuQ",AC19,"") | U19: =IFERROR(VLOOKUP((VLOOKUP(W19,列表!$B:$T,13,FALSE)),法术书目录!$Q$1:$R$10,2,FALSE),"") | V19: =法术书目录!H12 | X19: =IF(法术书目录!G57<>"QuQ",AD19,"") | Y19: =IFERROR(VLOOKUP((VLOOKUP(AA19,列表!$B:$T,13,FALSE)),法术书目录!$Q$1:$R$10,2,FALSE),"") | Z19: =法术书目录!H57 | AC19: 12 | AD19: 57
T20: =IF(法术书目录!G13<>"QuQ",AC20,"") | U20: =IFERROR(VLOOKUP((VLOOKUP(W20,列表!$B:$T,13,FALSE)),法术书目录!$Q$1:$R$10,2,FALSE),"") | V20: =法术书目录!H13 | X20: =IF(法术书目录!G58<>"QuQ",AD20,"") | Y20: =IFERROR(VLOOKUP((VLOOKUP(AA20,列表!$B:$T,13,FALSE)),法术书目录!$Q$1:$R$10,2,FALSE),"") | Z20: =法术书目录!H58 | AC20: 13 | AD20: 58
T21: =IF(法术书目录!G14<>"QuQ",AC21,"") | U21: =IFERROR(VLOOKUP((VLOOKUP(W21,列表!$B:$T,13,FALSE)),法术书目录!$Q$1:$R$10,2,FALSE),"") | V21: =法术书目录!H14 | X21: =IF(法术书目录!G59<>"QuQ",AD21,"") | Y21: =IFERROR(VLOOKUP((VLOOKUP(AA21,列表!$B:$T,13,FALSE)),法术书目录!$Q$1:$R$10,2,FALSE),"") | Z21: =法术书目录!H59 | AC21: 14 | AD21: 59
C22: =IF(C23<>"","法术说明","") | T22: =IF(法术书目录!G15<>"QuQ",AC22,"") | U22: =IFERROR(VLOOKUP((VLOOKUP(W22,列表!$B:$T,13,FALSE)),法术书目录!$Q$1:$R$10,2,FALSE),"") | V22: =法术书目录!H15 | X22: =IF(法术书目录!G60<>"QuQ",AD22,"") | Y22: =IFERROR(VLOOKUP((VLOOKUP(AA22,列表!$B:$T,13,FALSE)),法术书目录!$Q$1:$R$10,2,FALSE),"") | Z22: =法术书目录!H60 | AC22: 15 | AD22: 60
C23: =IFERROR(VLOOKUP(C3,列表!$B:$T,9,FALSE),"") | T23: =IF(法术书目录!G16<>"QuQ",AC23,"") | U23: =IFERROR(VLOOKUP((VLOOKUP(W23,列表!$B:$T,13,FALSE)),法术书目录!$Q$1:$R$10,2,FALSE),"") | V23: =法术书目录!H16 | X23: =IF(法术书目录!G61<>"QuQ",AD23,"") | Y23: =IFERROR(VLOOKUP((VLOOKUP(AA23,列表!$B:$T,13,FALSE)),法术书目录!$Q$1:$R$10,2,FALSE),"") | Z23: =法术书目录!H61 | AC23: 16 | AD23: 61
T24: =IF(法术书目录!G17<>"QuQ",AC24,"") | U24: =IFERROR(VLOOKUP((VLOOKUP(W24,列表!$B:$T,13,FALSE)),法术书目录!$Q$1:$R$10,2,FALSE),"") | V24: =法术书目录!H17 | X24: =IF(法术书目录!G62<>"QuQ",AD24,"") | Y24: =IFERROR(VLOOKUP((VLOOKUP(AA24,列表!$B:$T,13,FALSE)),法术书目录!$Q$1:$R$10,2,FALSE),"") | Z24: =法术书目录!H62 | AC24: 17 | AD24: 62
T25: =IF(法术书目录!G18<>"QuQ",AC25,"") | U25: =IFERROR(VLOOKUP((VLOOKUP(W25,列表!$B:$T,13,FALSE)),法术书目录!$Q$1:$R$10,2,FALSE),"") | V25: =法术书目录!H18 | X25: =IF(法术书目录!G63<>"QuQ",AD25,"") | Y25: =IFERROR(VLOOKUP((VLOOKUP(AA25,列表!$B:$T,13,FALSE)),法术书目录!$Q$1:$R$10,2,FALSE),"") | Z25: =法术书目录!H63 | AC25: 18 | AD25: 63
T26: =IF(法术书目录!G19<>"QuQ",AC26,"") | U26: =IFERROR(VLOOKUP((VLOOKUP(W26,列表!$B:$T,13,FALSE)),法术书目录!$Q$1:$R$10,2,FALSE),"") | V26: =法术书目录!H19 | X26: =IF(法术书目录!G64<>"QuQ",AD26,"") | Y26: =IFERROR(VLOOKUP((VLOOKUP(AA26,列表!$B:$T,13,FALSE)),法术书目录!$Q$1:$R$10,2,FALSE),"") | Z26: =法术书目录!H64 | AC26: 19 | AD26: 64
T27: =IF(法术书目录!G20<>"QuQ",AC27,"") | U27: =IFERROR(VLOOKUP((VLOOKUP(W27,列表!$B:$T,13,FALSE)),法术书目录!$Q$1:$R$10,2,FALSE),"") | V27: =法术书目录!H20 | X27: =IF(法术书目录!G65<>"QuQ",AD27,"") | Y27: =IFERROR(VLOOKUP((VLOOKUP(AA27,列表!$B:$T,13,FALSE)),法术书目录!$Q$1:$R$10,2,FALSE),"") | Z27: =法术书目录!H65 | AC27: 20 | AD27: 65
T28: =IF(法术书目录!G21<>"QuQ",AC28,"") | U28: =IFERROR(VLOOKUP((VLOOKUP(W28,列表!$B:$T,13,FALSE)),法术书目录!$Q$1:$R$10,2,FALSE),"") | V28: =法术书目录!H21 | X28: =IF(法术书目录!G66<>"QuQ",AD28,"") | Y28: =IFERROR(VLOOKUP((VLOOKUP(AA28,列表!$B:$T,13,FALSE)),法术书目录!$Q$1:$R$10,2,FALSE),"") | Z28: =法术书目录!H66 | AC28: 21 | AD28: 66
T29: =IF(法术书目录!G22<>"QuQ",AC29,"") | U29: =IFERROR(VLOOKUP((VLOOKUP(W29,列表!$B:$T,13,FALSE)),法术书目录!$Q$1:$R$10,2,FALSE),"") | V29: =法术书目录!H22 | X29: =IF(法术书目录!G67<>"QuQ",AD29,"") | Y29: =IFERROR(VLOOKUP((VLOOKUP(AA29,列表!$B:$T,13,FALSE)),法术书目录!$Q$1:$R$10,2,FALSE),"") | Z29: =法术书目录!H67 | AC29: 22 | AD29: 67
T30: =IF(法术书目录!G23<>"QuQ",AC30,"") | U30: =IFERROR(VLOOKUP((VLOOKUP(W30,列表!$B:$T,13,FALSE)),法术书目录!$Q$1:$R$10,2,FALSE),"") | V30: =法术书目录!H23 | X30: =IF(法术书目录!G68<>"QuQ",AD30,"") | Y30: =IFERROR(VLOOKUP((VLOOKUP(AA30,列表!$B:$T,13,FALSE)),法术书目录!$Q$1:$R$10,2,FALSE),"") | Z30: =法术书目录!H68 | AC30: 23 | AD30: 68
T31: =IF(法术书目录!G24<>"QuQ",AC31,"") | U31: =IFERROR(VLOOKUP((VLOOKUP(W31,列表!$B:$T,13,FALSE)),法术书目录!$Q$1:$R$10,2,FALSE),"") | V31: =法术书目录!H24 | X31: =IF(法术书目录!G69<>"QuQ",AD31,"") | Y31: =IFERROR(VLOOKUP((VLOOKUP(AA31,列表!$B:$T,13,FALSE)),法术书目录!$Q$1:$R$10,2,FALSE),"") | Z31: =法术书目录!H69 | AC31: 24 | AD31: 69
T32: =IF(法术书目录!G25<>"QuQ",AC32,"") | U32: =IFERROR(VLOOKUP((VLOOKUP(W32,列表!$B:$T,13,FALSE)),法术书目录!$Q$1:$R$10,2,FALSE),"") | V32: =法术书目录!H25 | X32: =IF(法术书目录!G70<>"QuQ",AD32,"") | Y32: =IFERROR(VLOOKUP((VLOOKUP(AA32,列表!$B:$T,13,FALSE)),法术书目录!$Q$1:$R$10,2,FALSE),"") | Z32: =法术书目录!H70 | AC32: 25 | AD32: 70
T33: =IF(法术书目录!G26<>"QuQ",AC33,"") | U33: =IFERROR(VLOOKUP((VLOOKUP(W33,列表!$B:$T,13,FALSE)),法术书目录!$Q$1:$R$10,2,FALSE),"") | V33: =法术书目录!H26 | X33: =IF(法术书目录!G71<>"QuQ",AD33,"") | Y33: =IFERROR(VLOOKUP((VLOOKUP(AA33,列表!$B:$T,13,FALSE)),法术书目录!$Q$1:$R$10,2,FALSE),"") | Z33: =法术书目录!H71 | AC33: 26 | AD33: 71
T34: =IF(法术书目录!G27<>"QuQ",AC34,"") | U34: =IFERROR(VLOOKUP((VLOOKUP(W34,列表!$B:$T,13,FALSE)),法术书目录!$Q$1:$R$10,2,FALSE),"") | V34: =法术书目录!H27 | X34: =IF(法术书目录!G72<>"QuQ",AD34,"") | Y34: =IFERROR(VLOOKUP((VLOOKUP(AA34,列表!$B:$T,13,FALSE)),法术书目录!$Q$1:$R$10,2,FALSE),"") | Z34: =法术书目录!H72 | AC34: 27 | AD34: 72
T35: =IF(法术书目录!G28<>"QuQ",AC35,"") | U35: =IFERROR(VLOOKUP((VLOOKUP(W35,列表!$B:$T,13,FALSE)),法术书目录!$Q$1:$R$10,2,FALSE),"") | V35: =法术书目录!H28 | X35: =IF(法术书目录!G73<>"QuQ",AD35,"") | Y35: =IFERROR(VLOOKUP((VLOOKUP(AA35,列表!$B:$T,13,FALSE)),法术书目录!$Q$1:$R$10,2,FALSE),"") | Z35: =法术书目录!H73 | AC35: 28 | AD35: 73
... T52: =IF(法术书目录!G45<>"QuQ",AC52,"") | U52: =IFERROR(VLOOKUP((VLOOKUP(W52,列表!$B:$T,13,FALSE)),法术书目录!$Q$1:$R$10,2,FALSE),"") | V52: =法术书目录!H45 | X52: =IF(法术书目录!G90<>"QuQ",AD52,"") | Y52: =IFERROR(VLOOKUP((VLOOKUP(AA52,列表!$B:$T,13,FALSE)),法术书目录!$Q$1:$R$10,2,FALSE),"") | Z52: =法术书目录!H90 | AC52: 45 | AD52: 90

Sheet 法术书III
C3: =IFERROR(IF(AA5<>"",AA5,(IF(W5=VLOOKUP(W5,列表!$B$2:$L$557,11,FALSE),W5,""))),"")
T4: 书页标签
U5: =IF(W5="","","Lv") | W5: =IFERROR(VLOOKUP(法术书目录!$O$3,法术书目录!$I:$K,2,FALSE),"空白标签") | X5: 优先读取 | Y5: =IF(AA5="","","Lv")
U6: =IFERROR(VLOOKUP((VLOOKUP(W5,列表!$B:$T,13,FALSE)),法术书目录!$Q$1:$R$10,2,FALSE),"") | Y6: =IFERROR(VLOOKUP((VLOOKUP(AA5,列表!$B:$T,13,FALSE)),法术书目录!$Q$1:$R$10,2,FALSE),"")
T7: 目录
C8: =IFERROR(VLOOKUP(C3,列表!$B:$T,12,FALSE),"") | O8: =IFERROR(VLOOKUP(C3,列表!$B:$T,2,FALSE),"") | T8: =IF(法术书目录!K1<>"QuQ",AC8,"") | U8: =IFERROR(VLOOKUP((VLOOKUP(W8,列表!$B:$T,13,FALSE)),法术书目录!$Q$1:$R$10,2,FALSE),"") | V8: =法术书目录!L1 | X8: =IF(法术书目录!K46<>"QuQ",AD8,"") | Y8: =IFERROR(VLOOKUP((VLOOKUP(AA8,列表!$B:$T,13,FALSE)),法术书目录!$Q$1:$R$10,2,FALSE),"") | Z8: =法术书目录!L46 | AC8: 1 | AD8: 46
C9: =IF(E9<>"","适用职业：","") | E9: =IFERROR(VLOOKUP(C3,列表!$B:$T,3,FALSE),"") | K9: =IF(M9<>"","等级：","") | M9: =IFERROR(VLOOKUP(C3,列表!$B:$T,13,FALSE),"") | O9: =IF(Q9<>"","系别：","") | Q9: =IFERROR(VLOOKUP(C3,列表!$B:$T,14,FALSE),"") | T9: =IF(法术书目录!K2<>"QuQ",AC9,"") | U9: =IFERROR(VLOOKUP((VLOOKUP(W9,列表!$B:$T,13,FALSE)),法术书目录!$Q$1:$R$10,2,FALSE),"") | V9: =法术书目录!L2 | X9: =IF(法术书目录!K47<>"QuQ",AD9,"") | Y9: =IFERROR(VLOOKUP((VLOOKUP(AA9,列表!$B:$T,13,FALSE)),法术书目录!$Q$1:$R$10,2,FALSE),"") | Z9: =法术书目录!L47 | AC9: 2 | AD9: 47
T10: =IF(法术书目录!K3<>"QuQ",AC10,"") | U10: =IFERROR(VLOOKUP((VLOOKUP(W10,列表!$B:$T,13,FALSE)),法术书目录!$Q$1:$R$10,2,FALSE),"") | V10: =法术书目录!L3 | X10: =IF(法术书目录!K48<>"QuQ",AD10,"") | Y10: =IFERROR(VLOOKUP((VLOOKUP(AA10,列表!$B:$T,13,FALSE)),法术书目录!$Q$1:$R$10,2,FALSE),"") | Z10: =法术书目录!L48 | AC10: 3 | AD10: 48
C11: =IF(E11<>"","施法时间：","") | E11: =IFERROR(VLOOKUP(C3,列表!$B:$T,5,FALSE),"") | K11: =IF(M11<>"","施法距离：","") | M11: =IFERROR(VLOOKUP(C3,列表!$B:$T,6,FALSE),"") | T11: =IF(法术书目录!K4<>"QuQ",AC11,"") | U11: =IFERROR(VLOOKUP((VLOOKUP(W11,列表!$B:$T,13,FALSE)),法术书目录!$Q$1:$R$10,2,FALSE),"") | V11: =法术书目录!L4 | X11: =IF(法术书目录!K49<>"QuQ",AD11,"") | Y11: =IFERROR(VLOOKUP((VLOOKUP(AA11,列表!$B:$T,13,FALSE)),法术书目录!$Q$1:$R$10,2,FALSE),"") | Z11: =法术书目录!L49 | AC11: 4 | AD11: 49
T12: =IF(法术书目录!K5<>"QuQ",AC12,"") | U12: =IFERROR(VLOOKUP((VLOOKUP(W12,列表!$B:$T,13,FALSE)),法术书目录!$Q$1:$R$10,2,FALSE),"") | V12: =法术书目录!L5 | X12: =IF(法术书目录!K50<>"QuQ",AD12,"") | Y12: =IFERROR(VLOOKUP((VLOOKUP(AA12,列表!$B:$T,13,FALSE)),法术书目录!$Q$1:$R$10,2,FALSE),"") | Z12: =法术书目录!L50 | AC12: 5 | AD12: 50
C13: =IF(E13<>"","法术成分：","") | E13: =IFERROR(VLOOKUP(C3,列表!$B:$T,15,FALSE),"") | F13: =IF(H13<>"","法术材料：","") | H13: =IFERROR(IF(VLOOKUP(C3,列表!$B:$T,16,FALSE)=0,"",VLOOKUP(C3,列表!$B:$T,16,FALSE)),"") | T13: =IF(法术书目录!K6<>"QuQ",AC13,"") | U13: =IFERROR(VLOOKUP((VLOOKUP(W13,列表!$B:$T,13,FALSE)),法术书目录!$Q$1:$R$10,2,FALSE),"") | V13: =法术书目录!L6 | X13: =IF(法术书目录!K51<>"QuQ",AD13,"") | Y13: =IFERROR(VLOOKUP((VLOOKUP(AA13,列表!$B:$T,13,FALSE)),法术书目录!$Q$1:$R$10,2,FALSE),"") | Z13: =法术书目录!L51 | AC13: 6 | AD13: 51
T14: =IF(法术书目录!K7<>"QuQ",AC14,"") | U14: =IFERROR(VLOOKUP((VLOOKUP(W14,列表!$B:$T,13,FALSE)),法术书目录!$Q$1:$R$10,2,FALSE),"") | V14: =法术书目录!L7 | X14: =IF(法术书目录!K52<>"QuQ",AD14,"") | Y14: =IFERROR(VLOOKUP((VLOOKUP(AA14,列表!$B:$T,13,FALSE)),法术书目录!$Q$1:$R$10,2,FALSE),"") | Z14: =法术书目录!L52 | AC14: 7 | AD14: 52
T15: =IF(法术书目录!K8<>"QuQ",AC15,"") | U15: =IFERROR(VLOOKUP((VLOOKUP(W15,列表!$B:$T,13,FALSE)),法术书目录!$Q$1:$R$10,2,FALSE),"") | V15: =法术书目录!L8 | X15: =IF(法术书目录!K53<>"QuQ",AD15,"") | Y15: =IFERROR(VLOOKUP((VLOOKUP(AA15,列表!$B:$T,13,FALSE)),法术书目录!$Q$1:$R$10,2,FALSE),"") | Z15: =法术书目录!L53 | AC15: 8 | AD15: 53
T16: =IF(法术书目录!K9<>"QuQ",AC16,"") | U16: =IFERROR(VLOOKUP((VLOOKUP(W16,列表!$B:$T,13,FALSE)),法术书目录!$Q$1:$R$10,2,FALSE),"") | V16: =法术书目录!L9 | X16: =IF(法术书目录!K54<>"QuQ",AD16,"") | Y16: =IFERROR(VLOOKUP((VLOOKUP(AA16,列表!$B:$T,13,FALSE)),法术书目录!$Q$1:$R$10,2,FALSE),"") | Z16: =法术书目录!L54 | AC16: 9 | AD16: 54
T17: =IF(法术书目录!K10<>"QuQ",AC17,"") | U17: =IFERROR(VLOOKUP((VLOOKUP(W17,列表!$B:$T,13,FALSE)),法术书目录!$Q$1:$R$10,2,FALSE),"") | V17: =法术书目录!L10 | X17: =IF(法术书目录!K55<>"QuQ",AD17,"") | Y17: =IFERROR(VLOOKUP((VLOOKUP(AA17,列表!$B:$T,13,FALSE)),法术书目录!$Q$1:$R$10,2,FALSE),"") | Z17: =法术书目录!L55 | AC17: 10 | AD17: 55
T18: =IF(法术书目录!K11<>"QuQ",AC18,"") | U18: =IFERROR(VLOOKUP((VLOOKUP(W18,列表!$B:$T,13,FALSE)),法术书目录!$Q$1:$R$10,2,FALSE),"") | V18: =法术书目录!L11 | X18: =IF(法术书目录!K56<>"QuQ",AD18,"") | Y18: =IFERROR(VLOOKUP((VLOOKUP(AA18,列表!$B:$T,13,FALSE)),法术书目录!$Q$1:$R$10,2,FALSE),"") | Z18: =法术书目录!L56 | AC18: 11 | AD18: 56
C19: =IF(E19<>"","持续时间：","") | E19: =IFERROR(VLOOKUP(C3,列表!$B:$T,8,FALSE),"") | T19: =IF(法术书目录!K12<>"QuQ",AC19,"") | U19: =IFERROR(VLOOKUP((VLOOKUP(W19,列表!$B:$T,13,FALSE)),法术书目录!$Q$1:$R$10,2,FALSE),"") | V19: =法术书目录!L12 | X19: =IF(法术书目录!K57<>"QuQ",AD19,"") | Y19: =IFERROR(VLOOKUP((VLOOKUP(AA19,列表!$B:$T,13,FALSE)),法术书目录!$Q$1:$R$10,2,FALSE),"") | Z19: =法术书目录!L57 | AC19: 12 | AD19: 57
T20: =IF(法术书目录!K13<>"QuQ",AC20,"") | U20: =IFERROR(VLOOKUP((VLOOKUP(W20,列表!$B:$T,13,FALSE)),法术书目录!$Q$1:$R$10,2,FALSE),"") | V20: =法术书目录!L13 | X20: =IF(法术书目录!K58<>"QuQ",AD20,"") | Y20: =IFERROR(VLOOKUP((VLOOKUP(AA20,列表!$B:$T,13,FALSE)),法术书目录!$Q$1:$R$10,2,FALSE),"") | Z20: =法术书目录!L58 | AC20: 13 | AD20: 58
T21: =IF(法术书目录!K14<>"QuQ",AC21,"") | U21: =IFERROR(VLOOKUP((VLOOKUP(W21,列表!$B:$T,13,FALSE)),法术书目录!$Q$1:$R$10,2,FALSE),"") | V21: =法术书目录!L14 | X21: =IF(法术书目录!K59<>"QuQ",AD21,"") | Y21: =IFERROR(VLOOKUP((VLOOKUP(AA21,列表!$B:$T,13,FALSE)),法术书目录!$Q$1:$R$10,2,FALSE),"") | Z21: =法术书目录!L59 | AC21: 14 | AD21: 59
C22: =IF(C23<>"","法术说明","") | T22: =IF(法术书目录!K15<>"QuQ",AC22,"") | U22: =IFERROR(VLOOKUP((VLOOKUP(W22,列表!$B:$T,13,FALSE)),法术书目录!$Q$1:$R$10,2,FALSE),"") | V22: =法术书目录!L15 | X22: =IF(法术书目录!K60<>"QuQ",AD22,"") | Y22: =IFERROR(VLOOKUP((VLOOKUP(AA22,列表!$B:$T,13,FALSE)),法术书目录!$Q$1:$R$10,2,FALSE),"") | Z22: =法术书目录!L60 | AC22: 15 | AD22: 60
C23: =IFERROR(VLOOKUP(C3,列表!$B:$T,9,FALSE),"") | T23: =IF(法术书目录!K16<>"QuQ",AC23,"") | U23: =IFERROR(VLOOKUP((VLOOKUP(W23,列表!$B:$T,13,FALSE)),法术书目录!$Q$1:$R$10,2,FALSE),"") | V23: =法术书目录!L16 | X23: =IF(法术书目录!K61<>"QuQ",AD23,"") | Y23: =IFERROR(VLOOKUP((VLOOKUP(AA23,列表!$B:$T,13,FALSE)),法术书目录!$Q$1:$R$10,2,FALSE),"") | Z23: =法术书目录!L61 | AC23: 16 | AD23: 61
T24: =IF(法术书目录!K17<>"QuQ",AC24,"") | U24: =IFERROR(VLOOKUP((VLOOKUP(W24,列表!$B:$T,13,FALSE)),法术书目录!$Q$1:$R$10,2,FALSE),"") | V24: =法术书目录!L17 | X24: =IF(法术书目录!K62<>"QuQ",AD24,"") | Y24: =IFERROR(VLOOKUP((VLOOKUP(AA24,列表!$B:$T,13,FALSE)),法术书目录!$Q$1:$R$10,2,FALSE),"") | Z24: =法术书目录!L62 | AC24: 17 | AD24: 62
T25: =IF(法术书目录!K18<>"QuQ",AC25,"") | U25: =IFERROR(VLOOKUP((VLOOKUP(W25,列表!$B:$T,13,FALSE)),法术书目录!$Q$1:$R$10,2,FALSE),"") | V25: =法术书目录!L18 | X25: =IF(法术书目录!K63<>"QuQ",AD25,"") | Y25: =IFERROR(VLOOKUP((VLOOKUP(AA25,列表!$B:$T,13,FALSE)),法术书目录!$Q$1:$R$10,2,FALSE),"") | Z25: =法术书目录!L63 | AC25: 18 | AD25: 63
T26: =IF(法术书目录!K19<>"QuQ",AC26,"") | U26: =IFERROR(VLOOKUP((VLOOKUP(W26,列表!$B:$T,13,FALSE)),法术书目录!$Q$1:$R$10,2,FALSE),"") | V26: =法术书目录!L19 | X26: =IF(法术书目录!K64<>"QuQ",AD26,"") | Y26: =IFERROR(VLOOKUP((VLOOKUP(AA26,列表!$B:$T,13,FALSE)),法术书目录!$Q$1:$R$10,2,FALSE),"") | Z26: =法术书目录!L64 | AC26: 19 | AD26: 64
T27: =IF(法术书目录!K20<>"QuQ",AC27,"") | U27: =IFERROR(VLOOKUP((VLOOKUP(W27,列表!$B:$T,13,FALSE)),法术书目录!$Q$1:$R$10,2,FALSE),"") | V27: =法术书目录!L20 | X27: =IF(法术书目录!K65<>"QuQ",AD27,"") | Y27: =IFERROR(VLOOKUP((VLOOKUP(AA27,列表!$B:$T,13,FALSE)),法术书目录!$Q$1:$R$10,2,FALSE),"") | Z27: =法术书目录!L65 | AC27: 20 | AD27: 65
T28: =IF(法术书目录!K21<>"QuQ",AC28,"") | U28: =IFERROR(VLOOKUP((VLOOKUP(W28,列表!$B:$T,13,FALSE)),法术书目录!$Q$1:$R$10,2,FALSE),"") | V28: =法术书目录!L21 | X28: =IF(法术书目录!K66<>"QuQ",AD28,"") | Y28: =IFERROR(VLOOKUP((VLOOKUP(AA28,列表!$B:$T,13,FALSE)),法术书目录!$Q$1:$R$10,2,FALSE),"") | Z28: =法术书目录!L66 | AC28: 21 | AD28: 66
T29: =IF(法术书目录!K22<>"QuQ",AC29,"") | U29: =IFERROR(VLOOKUP((VLOOKUP(W29,列表!$B:$T,13,FALSE)),法术书目录!$Q$1:$R$10,2,FALSE),"") | V29: =法术书目录!L22 | X29: =IF(法术书目录!K67<>"QuQ",AD29,"") | Y29: =IFERROR(VLOOKUP((VLOOKUP(AA29,列表!$B:$T,13,FALSE)),法术书目录!$Q$1:$R$10,2,FALSE),"") | Z29: =法术书目录!L67 | AC29: 22 | AD29: 67
T30: =IF(法术书目录!K23<>"QuQ",AC30,"") | U30: =IFERROR(VLOOKUP((VLOOKUP(W30,列表!$B:$T,13,FALSE)),法术书目录!$Q$1:$R$10,2,FALSE),"") | V30: =法术书目录!L23 | X30: =IF(法术书目录!K68<>"QuQ",AD30,"") | Y30: =IFERROR(VLOOKUP((VLOOKUP(AA30,列表!$B:$T,13,FALSE)),法术书目录!$Q$1:$R$10,2,FALSE),"") | Z30: =法术书目录!L68 | AC30: 23 | AD30: 68
T31: =IF(法术书目录!K24<>"QuQ",AC31,"") | U31: =IFERROR(VLOOKUP((VLOOKUP(W31,列表!$B:$T,13,FALSE)),法术书目录!$Q$1:$R$10,2,FALSE),"") | V31: =法术书目录!L24 | X31: =IF(法术书目录!K69<>"QuQ",AD31,"") | Y31: =IFERROR(VLOOKUP((VLOOKUP(AA31,列表!$B:$T,13,FALSE)),法术书目录!$Q$1:$R$10,2,FALSE),"") | Z31: =法术书目录!L69 | AC31: 24 | AD31: 69
T32: =IF(法术书目录!K25<>"QuQ",AC32,"") | U32: =IFERROR(VLOOKUP((VLOOKUP(W32,列表!$B:$T,13,FALSE)),法术书目录!$Q$1:$R$10,2,FALSE),"") | V32: =法术书目录!L25 | X32: =IF(法术书目录!K70<>"QuQ",AD32,"") | Y32: =IFERROR(VLOOKUP((VLOOKUP(AA32,列表!$B:$T,13,FALSE)),法术书目录!$Q$1:$R$10,2,FALSE),"") | Z32: =法术书目录!L70 | AC32: 25 | AD32: 70
T33: =IF(法术书目录!K26<>"QuQ",AC33,"") | U33: =IFERROR(VLOOKUP((VLOOKUP(W33,列表!$B:$T,13,FALSE)),法术书目录!$Q$1:$R$10,2,FALSE),"") | V33: =法术书目录!L26 | X33: =IF(法术书目录!K71<>"QuQ",AD33,"") | Y33: =IFERROR(VLOOKUP((VLOOKUP(AA33,列表!$B:$T,13,FALSE)),法术书目录!$Q$1:$R$10,2,FALSE),"") | Z33: =法术书目录!L71 | AC33: 26 | AD33: 71
T34: =IF(法术书目录!K27<>"QuQ",AC34,"") | U34: =IFERROR(VLOOKUP((VLOOKUP(W34,列表!$B:$T,13,FALSE)),法术书目录!$Q$1:$R$10,2,FALSE),"") | V34: =法术书目录!L27 | X34: =IF(法术书目录!K72<>"QuQ",AD34,"") | Y34: =IFERROR(VLOOKUP((VLOOKUP(AA34,列表!$B:$T,13,FALSE)),法术书目录!$Q$1:$R$10,2,FALSE),"") | Z34: =法术书目录!L72 | AC34: 27 | AD34: 72
T35: =IF(法术书目录!K28<>"QuQ",AC35,"") | U35: =IFERROR(VLOOKUP((VLOOKUP(W35,列表!$B:$T,13,FALSE)),法术书目录!$Q$1:$R$10,2,FALSE),"") | V35: =法术书目录!L28 | X35: =IF(法术书目录!K73<>"QuQ",AD35,"") | Y35: =IFERROR(VLOOKUP((VLOOKUP(AA35,列表!$B:$T,13,FALSE)),法术书目录!$Q$1:$R$10,2,FALSE),"") | Z35: =法术书目录!L73 | AC35: 28 | AD35: 73
... T52: =IF(法术书目录!K45<>"QuQ",AC52,"") | U52: =IFERROR(VLOOKUP((VLOOKUP(W52,列表!$B:$T,13,FALSE)),法术书目录!$Q$1:$R$10,2,FALSE),"") | V52: =法术书目录!L45 | X52: =IF(法术书目录!K90<>"QuQ",AD52,"") | Y52: =IFERROR(VLOOKUP((VLOOKUP(AA52,列表!$B:$T,13,FALSE)),法术书目录!$Q$1:$R$10,2,FALSE),"") | Z52: =法术书目录!L90 | AC52: 45 | AD52: 90

Sheet 查询
X1: BY:做一个好条条
A2: 懒人包系列：法术速查 | L2: 选 | N2: 选
X3: 感谢各位翻译人员的伟大贡献，在你们努力的基础上，我才能做出这份东西来让大家更好地偷懒。 另外还有一句话，这份东西做出来是为了方便大家用的，如果你有更好或者更习惯的方法，你可以不用这个，但是不要说给我听，这没有任何逼格。谢谢
L4: 法师 | N4: 2环
M7: =IF($L$4="法师",法师!I2,IF($L$4="术士",法师!S2,IF($L$4="邪术师",法师!AC2,IF($L$4="牧师",法师!AM2,IF($L$4="圣武士",法师!AW2,IF($L$4="游侠",法师!BG2,IF($L$4="德鲁伊",法师!BQ2,法师!CA2))))))) -> 衰弱射线 | Q7: =IF($L$4="法师",法师!H2,IF($L$4="术士",法师!R2,IF($L$4="邪术师",法师!AB2,IF($L$4="牧师",法师!AL2,IF($L$4="圣武士",法师!AV2,IF($L$4="游侠",法师!BF2,IF($L$4="德鲁伊",法师!BP2,法师!BZ2))))))) -> Ray of Enfeeblement
C8: PHB | E8: 启用 | M8: =IF($L$4="法师",法师!I3,IF($L$4="术士",法师!S3,IF($L$4="邪术师",法师!AC3,IF($L$4="牧师",法师!AM3,IF($L$4="圣武士",法师!AW3,IF($L$4="游侠",法师!BG3,IF($L$4="德鲁伊",法师!BQ3,法师!CA3))))))) -> 心灵尖刺 | Q8: =IF($L$4="法师",法师!H3,IF($L$4="术士",法师!R3,IF($L$4="邪术师",法师!AB3,IF($L$4="牧师",法师!AL3,IF($L$4="圣武士",法师!AV3,IF($L$4="游侠",法师!BF3,IF($L$4="德鲁伊",法师!BP3,法师!BZ3))))))) -> Mind Spike
M9: =IF($L$4="法师",法师!I4,IF($L$4="术士",法师!S4,IF($L$4="邪术师",法师!AC4,IF($L$4="牧师",法师!AM4,IF($L$4="圣武士",法师!AW4,IF($L$4="游侠",法师!BG4,IF($L$4="德鲁伊",法师!BQ4,法师!CA4))))))) -> 幽影刃 | Q9: =IF($L$4="法师",法师!H4,IF($L$4="术士",法师!R4,IF($L$4="邪术师",法师!AB4,IF($L$4="牧师",法师!AL4,IF($L$4="圣武士",法师!AV4,IF($L$4="游侠",法师!BF4,IF($L$4="德鲁伊",法师!BP4,法师!BZ4))))))) -> Shadow Blade
C10: EEPC | E10: 启用 | M10: =IF($L$4="法师",法师!I5,IF($L$4="术士",法师!S5,IF($L$4="邪术师",法师!AC5,IF($L$4="牧师",法师!AM5,IF($L$4="圣武士",法师!AW5,IF($L$4="游侠",法师!BG5,IF($L$4="德鲁伊",法师!BQ5,法师!CA5))))))) -> 龙息术 | Q10: =IF($L$4="法师",法师!H5,IF($L$4="术士",法师!R5,IF($L$4="邪术师",法师!AB5,IF($L$4="牧师",法师!AL5,IF($L$4="圣武士",法师!AV5,IF($L$4="游侠",法师!BF5,IF($L$4="德鲁伊",法师!BP5,法师!BZ5))))))) -> Dragon's Breath
M11: =IF($L$4="法师",法师!I6,IF($L$4="术士",法师!S6,IF($L$4="邪术师",法师!AC6,IF($L$4="牧师",法师!AM6,IF($L$4="圣武士",法师!AW6,IF($L$4="游侠",法师!BG6,IF($L$4="德鲁伊",法师!BQ6,法师!CA6))))))) -> 麦克斯米利安的地之攫E | Q11: =IF($L$4="法师",法师!H6,IF($L$4="术士",法师!R6,IF($L$4="邪术师",法师!AB6,IF($L$4="牧师",法师!AL6,IF($L$4="圣武士",法师!AV6,IF($L$4="游侠",法师!BF6,IF($L$4="德鲁伊",法师!BP6,法师!BZ6))))))) -> Maximilian’s Earthen Grasp
C12: SCAG | E12: 启用 | M12: =IF($L$4="法师",法师!I7,IF($L$4="术士",法师!S7,IF($L$4="邪术师",法师!AC7,IF($L$4="牧师",法师!AM7,IF($L$4="圣武士",法师!AW7,IF($L$4="游侠",法师!BG7,IF($L$4="德鲁伊",法师!BQ7,法师!CA7))))))) -> 麦克斯米利安的地之攫 | Q12: =IF($L$4="法师",法师!H7,IF($L$4="术士",法师!R7,IF($L$4="邪术师",法师!AB7,IF($L$4="牧师",法师!AL7,IF($L$4="圣武士",法师!AV7,IF($L$4="游侠",法师!BF7,IF($L$4="德鲁伊",法师!BP7,法师!BZ7))))))) -> Maximilian’s Earthen Grasp
M13: =IF($L$4="法师",法师!I8,IF($L$4="术士",法师!S8,IF($L$4="邪术师",法师!AC8,IF($L$4="牧师",法师!AM8,IF($L$4="圣武士",法师!AW8,IF($L$4="游侠",法师!BG8,IF($L$4="德鲁伊",法师!BQ8,法师!CA8))))))) -> 灼热射线 | Q13: =IF($L$4="法师",法师!H8,IF($L$4="术士",法师!R8,IF($L$4="邪术师",法师!AB8,IF($L$4="牧师",法师!AL8,IF($L$4="圣武士",法师!AV8,IF($L$4="游侠",法师!BF8,IF($L$4="德鲁伊",法师!BP8,法师!BZ8))))))) -> Scorching Ray
C14: XGE | E14: 启用 | M14: =IF($L$4="法师",法师!I9,IF($L$4="术士",法师!S9,IF($L$4="邪术师",法师!AC9,IF($L$4="牧师",法师!AM9,IF($L$4="圣武士",法师!AW9,IF($L$4="游侠",法师!BG9,IF($L$4="德鲁伊",法师!BQ9,法师!CA9))))))) -> 史尼洛雪球群E | Q14: =IF($L$4="法师",法师!H9,IF($L$4="术士",法师!R9,IF($L$4="邪术师",法师!AB9,IF($L$4="牧师",法师!AL9,IF($L$4="圣武士",法师!AV9,IF($L$4="游侠",法师!BF9,IF($L$4="德鲁伊",法师!BP9,法师!BZ9))))))) -> Snilloc’s Snowball Swarm
M15: =IF($L$4="法师",法师!I10,IF($L$4="术士",法师!S10,IF($L$4="邪术师",法师!AC10,IF($L$4="牧师",法师!AM10,IF($L$4="圣武士",法师!AW10,IF($L$4="游侠",法师!BG10,IF($L$4="德鲁伊",法师!BQ10,法师!CA10))))))) -> 史尼洛雪球群 | Q15: =IF($L$4="法师",法师!H10,IF($L$4="术士",法师!R10,IF($L$4="邪术师",法师!AB10,IF($L$4="牧师",法师!AL10,IF($L$4="圣武士",法师!AV10,IF($L$4="游侠",法师!BF10,IF($L$4="德鲁伊",法师!BP10,法师!BZ10))))))) -> Snilloc’s Snowball Swarm
M16: =IF($L$4="法师",法师!I11,IF($L$4="术士",法师!S11,IF($L$4="邪术师",法师!AC11,IF($L$4="牧师",法师!AM11,IF($L$4="圣武士",法师!AW11,IF($L$4="游侠",法师!BG11,IF($L$4="德鲁伊",法师!BQ11,法师!CA11))))))) -> 黑暗术 | Q16: =IF($L$4="法师",法师!H11,IF($L$4="术士",法师!R11,IF($L$4="邪术师",法师!AB11,IF($L$4="牧师",法师!AL11,IF($L$4="圣武士",法师!AV11,IF($L$4="游侠",法师!BF11,IF($L$4="德鲁伊",法师!BP11,法师!BZ11))))))) -> Darkness
M17: =IF($L$4="法师",法师!I12,IF($L$4="术士",法师!S12,IF($L$4="邪术师",法师!AC12,IF($L$4="牧师",法师!AM12,IF($L$4="圣武士",法师!AW12,IF($L$4="游侠",法师!BG12,IF($L$4="德鲁伊",法师!BQ12,法师!CA12))))))) -> 镜影术 | Q17: =IF($L$4="法师",法师!H12,IF($L$4="术士",法师!R12,IF($L$4="邪术师",法师!AB12,IF($L$4="牧师",法师!AL12,IF($L$4="圣武士",法师!AV12,IF($L$4="游侠",法师!BF12,IF($L$4="德鲁伊",法师!BP12,法师!BZ12))))))) -> Mirror Image
M18: =IF($L$4="法师",法师!I13,IF($L$4="术士",法师!S13,IF($L$4="邪术师",法师!AC13,IF($L$4="牧师",法师!AM13,IF($L$4="圣武士",法师!AW13,IF($L$4="游侠",法师!BG13,IF($L$4="德鲁伊",法师!BQ13,法师!CA13))))))) -> 迷踪步 | Q18: =IF($L$4="法师",法师!H13,IF($L$4="术士",法师!R13,IF($L$4="邪术师",法师!AB13,IF($L$4="牧师",法师!AL13,IF($L$4="圣武士",法师!AV13,IF($L$4="游侠",法师!BF13,IF($L$4="德鲁伊",法师!BP13,法师!BZ13))))))) -> Misty Step
C19: 因为EEPC和XGE的部分法术重复，所以同法术的EEPC版本词尾会加个E 用法：右边的框框里单击你想要的法术，CRTL+C复制，点击下面那个中文框，右键粘贴文本（或者叫粘贴为数值 或者手打 （英语同 | M19: =IF($L$4="法师",法师!I14,IF($L$4="术士",法师!S14,IF($L$4="邪术师",法师!AC14,IF($L$4="牧师",法师!AM14,IF($L$4="圣武士",法师!AW14,IF($L$4="游侠",法师!BG14,IF($L$4="德鲁伊",法师!BQ14,法师!CA14))))))) -> 蛛行术 | Q19: =IF($L$4="法师",法师!H14,IF($L$4="术士",法师!R14,IF($L$4="邪术师",法师!AB14,IF($L$4="牧师",法师!AL14,IF($L$4="圣武士",法师!AV14,IF($L$4="游侠",法师!BF14,IF($L$4="德鲁伊",法师!BP14,法师!BZ14))))))) -> Spider Climb
M20: =IF($L$4="法师",法师!I15,IF($L$4="术士",法师!S15,IF($L$4="邪术师",法师!AC15,IF($L$4="牧师",法师!AM15,IF($L$4="圣武士",法师!AW15,IF($L$4="游侠",法师!BG15,IF($L$4="德鲁伊",法师!BQ15,法师!CA15))))))) -> 变身术 | Q20: =IF($L$4="法师",法师!H15,IF($L$4="术士",法师!R15,IF($L$4="邪术师",法师!AB15,IF($L$4="牧师",法师!AL15,IF($L$4="圣武士",法师!AV15,IF($L$4="游侠",法师!BF15,IF($L$4="德鲁伊",法师!BP15,法师!BZ15))))))) -> Alter Self
M21: =IF($L$4="法师",法师!I16,IF($L$4="术士",法师!S16,IF($L$4="邪术师",法师!AC16,IF($L$4="牧师",法师!AM16,IF($L$4="圣武士",法师!AW16,IF($L$4="游侠",法师!BG16,IF($L$4="德鲁伊",法师!BQ16,法师!CA16))))))) -> 朦胧术 | Q21: =IF($L$4="法师",法师!H16,IF($L$4="术士",法师!R16,IF($L$4="邪术师",法师!AB16,IF($L$4="牧师",法师!AL16,IF($L$4="圣武士",法师!AV16,IF($L$4="游侠",法师!BF16,IF($L$4="德鲁伊",法师!BP16,法师!BZ16))))))) -> Blur
M22: =IF($L$4="法师",法师!I17,IF($L$4="术士",法师!S17,IF($L$4="邪术师",法师!AC17,IF($L$4="牧师",法师!AM17,IF($L$4="圣武士",法师!AW17,IF($L$4="游侠",法师!BG17,IF($L$4="德鲁伊",法师!BQ17,法师!CA17))))))) -> 变巨/缩小术 | Q22: =IF($L$4="法师",法师!H17,IF($L$4="术士",法师!R17,IF($L$4="邪术师",法师!AB17,IF($L$4="牧师",法师!AL17,IF($L$4="圣武士",法师!AV17,IF($L$4="游侠",法师!BF17,IF($L$4="德鲁伊",法师!BP17,法师!BZ17))))))) -> Enlarge/Reduce
M23: =IF($L$4="法师",法师!I18,IF($L$4="术士",法师!S18,IF($L$4="邪术师",法师!AC18,IF($L$4="牧师",法师!AM18,IF($L$4="圣武士",法师!AW18,IF($L$4="游侠",法师!BG18,IF($L$4="德鲁伊",法师!BQ18,法师!CA18))))))) -> 浮空术 | Q23: =IF($L$4="法师",法师!H18,IF($L$4="术士",法师!R18,IF($L$4="邪术师",法师!AB18,IF($L$4="牧师",法师!AL18,IF($L$4="圣武士",法师!AV18,IF($L$4="游侠",法师!BF18,IF($L$4="德鲁伊",法师!BP18,法师!BZ18))))))) -> Levitate
M24: =IF($L$4="法师",法师!I19,IF($L$4="术士",法师!S19,IF($L$4="邪术师",法师!AC19,IF($L$4="牧师",法师!AM19,IF($L$4="圣武士",法师!AW19,IF($L$4="游侠",法师!BG19,IF($L$4="德鲁伊",法师!BQ19,法师!CA19))))))) -> 蛛网术 | Q24: =IF($L$4="法师",法师!H19,IF($L$4="术士",法师!R19,IF($L$4="邪术师",法师!AB19,IF($L$4="牧师",法师!AL19,IF($L$4="圣武士",法师!AV19,IF($L$4="游侠",法师!BF19,IF($L$4="德鲁伊",法师!BP19,法师!BZ19))))))) -> Web
M25: =IF($L$4="法师",法师!I20,IF($L$4="术士",法师!S20,IF($L$4="邪术师",法师!AC20,IF($L$4="牧师",法师!AM20,IF($L$4="圣武士",法师!AW20,IF($L$4="游侠",法师!BG20,IF($L$4="德鲁伊",法师!BQ20,法师!CA20))))))) -> 烟火E | Q25: =IF($L$4="法师",法师!H20,IF($L$4="术士",法师!R20,IF($L$4="邪术师",法师!AB20,IF($L$4="牧师",法师!AL20,IF($L$4="圣武士",法师!AV20,IF($L$4="游侠",法师!BF20,IF($L$4="德鲁伊",法师!BP20,法师!BZ20))))))) -> Pyrotechnics
M26: =IF($L$4="法师",法师!I21,IF($L$4="术士",法师!S21,IF($L$4="邪术师",法师!AC21,IF($L$4="牧师",法师!AM21,IF($L$4="圣武士",法师!AW21,IF($L$4="游侠",法师!BG21,IF($L$4="德鲁伊",法师!BQ21,法师!CA21))))))) -> 烟火 | Q26: =IF($L$4="法师",法师!H21,IF($L$4="术士",法师!R21,IF($L$4="邪术师",法师!AB21,IF($L$4="牧师",法师!AL21,IF($L$4="圣武士",法师!AV21,IF($L$4="游侠",法师!BF21,IF($L$4="德鲁伊",法师!BP21,法师!BZ21))))))) -> Pyrotechnics
M27: =IF($L$4="法师",法师!I22,IF($L$4="术士",法师!S22,IF($L$4="邪术师",法师!AC22,IF($L$4="牧师",法师!AM22,IF($L$4="圣武士",法师!AW22,IF($L$4="游侠",法师!BG22,IF($L$4="德鲁伊",法师!BQ22,法师!CA22))))))) -> 守护之风 | Q27: =IF($L$4="法师",法师!H22,IF($L$4="术士",法师!R22,IF($L$4="邪术师",法师!AB22,IF($L$4="牧师",法师!AL22,IF($L$4="圣武士",法师!AV22,IF($L$4="游侠",法师!BF22,IF($L$4="德鲁伊",法师!BP22,法师!BZ22))))))) -> Warding Wind
M28: =IF($L$4="法师",法师!I23,IF($L$4="术士",法师!S23,IF($L$4="邪术师",法师!AC23,IF($L$4="牧师",法师!AM23,IF($L$4="圣武士",法师!AW23,IF($L$4="游侠",法师!BG23,IF($L$4="德鲁伊",法师!BQ23,法师!CA23))))))) -> 空中写字E | Q28: =IF($L$4="法师",法师!H23,IF($L$4="术士",法师!R23,IF($L$4="邪术师",法师!AB23,IF($L$4="牧师",法师!AL23,IF($L$4="圣武士",法师!AV23,IF($L$4="游侠",法师!BF23,IF($L$4="德鲁伊",法师!BP23,法师!BZ23))))))) -> Skywrite
M29: =IF($L$4="法师",法师!I24,IF($L$4="术士",法师!S24,IF($L$4="邪术师",法师!AC24,IF($L$4="牧师",法师!AM24,IF($L$4="圣武士",法师!AW24,IF($L$4="游侠",法师!BG24,IF($L$4="德鲁伊",法师!BQ24,法师!CA24))))))) -> 空中写字 | Q29: =IF($L$4="法师",法师!H24,IF($L$4="术士",法师!R24,IF($L$4="邪术师",法师!AB24,IF($L$4="牧师",法师!AL24,IF($L$4="圣武士",法师!AV24,IF($L$4="游侠",法师!BF24,IF($L$4="德鲁伊",法师!BP24,法师!BZ24))))))) -> Skywrite
M30: =IF($L$4="法师",法师!I25,IF($L$4="术士",法师!S25,IF($L$4="邪术师",法师!AC25,IF($L$4="牧师",法师!AM25,IF($L$4="圣武士",法师!AW25,IF($L$4="游侠",法师!BG25,IF($L$4="德鲁伊",法师!BQ25,法师!CA25))))))) -> 匕首之云 | Q30: =IF($L$4="法师",法师!H25,IF($L$4="术士",法师!R25,IF($L$4="邪术师",法师!AB25,IF($L$4="牧师",法师!AL25,IF($L$4="圣武士",法师!AV25,IF($L$4="游侠",法师!BF25,IF($L$4="德鲁伊",法师!BP25,法师!BZ25))))))) -> Cloud of Daggers
M31: =IF($L$4="法师",法师!I26,IF($L$4="术士",法师!S26,IF($L$4="邪术师",法师!AC26,IF($L$4="牧师",法师!AM26,IF($L$4="圣武士",法师!AW26,IF($L$4="游侠",法师!BG26,IF($L$4="德鲁伊",法师!BQ26,法师!CA26))))))) -> 疯狂冠冕 | Q31: =IF($L$4="法师",法师!H26,IF($L$4="术士",法师!R26,IF($L$4="邪术师",法师!AB26,IF($L$4="牧师",法师!AL26,IF($L$4="圣武士",法师!AV26,IF($L$4="游侠",法师!BF26,IF($L$4="德鲁伊",法师!BP26,法师!BZ26))))))) -> Crown of Madness
... M34: =IF($L$4="法师",法师!I29,IF($L$4="术士",法师!S29,IF($L$4="邪术师",法师!AC29,IF($L$4="牧师",法师!AM29,IF($L$4="圣武士",法师!AW29,IF($L$4="游侠",法师!BG29,IF($L$4="德鲁伊",法师!BQ29,法师!CA29))))))) -> 暗示术 | Q34: =IF($L$4="法师",法师!H29,IF($L$4="术士",法师!R29,IF($L$4="邪术师",法师!AB29,IF($L$4="牧师",法师!AL29,IF($L$4="圣武士",法师!AV29,IF($L$4="游侠",法师!BF29,IF($L$4="德鲁伊",法师!BP29,法师!BZ29))))))) -> Suggestion
B35: 输入你要查的法术（中文） | M35: =IF($L$4="法师",法师!I30,IF($L$4="术士",法师!S30,IF($L$4="邪术师",法师!AC30,IF($L$4="牧师",法师!AM30,IF($L$4="圣武士",法师!AW30,IF($L$4="游侠",法师!BG30,IF($L$4="德鲁伊",法师!BQ30,法师!CA30))))))) -> 侦测思想 | Q35: =IF($L$4="法师",法师!H30,IF($L$4="术士",法师!R30,IF($L$4="邪术师",法师!AB30,IF($L$4="牧师",法师!AL30,IF($L$4="圣武士",法师!AV30,IF($L$4="游侠",法师!BF30,IF($L$4="德鲁伊",法师!BP30,法师!BZ30))))))) -> Detect Thoughts
B36: 输入 | D36: 侦测思想 | M36: =IF($L$4="法师",法师!I31,IF($L$4="术士",法师!S31,IF($L$4="邪术师",法师!AC31,IF($L$4="牧师",法师!AM31,IF($L$4="圣武士",法师!AW31,IF($L$4="游侠",法师!BG31,IF($L$4="德鲁伊",法师!BQ31,法师!CA31))))))) -> 敲击术 | Q36: =IF($L$4="法师",法师!H31,IF($L$4="术士",法师!R31,IF($L$4="邪术师",法师!AB31,IF($L$4="牧师",法师!AL31,IF($L$4="圣武士",法师!AV31,IF($L$4="游侠",法师!BF31,IF($L$4="德鲁伊",法师!BP31,法师!BZ31))))))) -> Knock
M37: =IF($L$4="法师",法师!I32,IF($L$4="术士",法师!S32,IF($L$4="邪术师",法师!AC32,IF($L$4="牧师",法师!AM32,IF($L$4="圣武士",法师!AW32,IF($L$4="游侠",法师!BG32,IF($L$4="德鲁伊",法师!BQ32,法师!CA32))))))) -> 魅影之力 | Q37: =IF($L$4="法师",法师!H32,IF($L$4="术士",法师!R32,IF($L$4="邪术师",法师!AB32,IF($L$4="牧师",法师!AL32,IF($L$4="圣武士",法师!AV32,IF($L$4="游侠",法师!BF32,IF($L$4="德鲁伊",法师!BP32,法师!BZ32))))))) -> Phantasmal Force
M38: =IF($L$4="法师",法师!I33,IF($L$4="术士",法师!S33,IF($L$4="邪术师",法师!AC33,IF($L$4="牧师",法师!AM33,IF($L$4="圣武士",法师!AW33,IF($L$4="游侠",法师!BG33,IF($L$4="德鲁伊",法师!BQ33,法师!CA33))))))) -> 识破隐形 | Q38: =IF($L$4="法师",法师!H33,IF($L$4="术士",法师!R33,IF($L$4="邪术师",法师!AB33,IF($L$4="牧师",法师!AL33,IF($L$4="圣武士",法师!AV33,IF($L$4="游侠",法师!BF33,IF($L$4="德鲁伊",法师!BP33,法师!BZ33))))))) -> See Invisibility
M39: =IF($L$4="法师",法师!I34,IF($L$4="术士",法师!S34,IF($L$4="邪术师",法师!AC34,IF($L$4="牧师",法师!AM34,IF($L$4="圣武士",法师!AW34,IF($L$4="游侠",法师!BG34,IF($L$4="德鲁伊",法师!BQ34,法师!CA34))))))) -> 目盲/耳聋术 | Q39: =IF($L$4="法师",法师!H34,IF($L$4="术士",法师!R34,IF($L$4="邪术师",法师!AB34,IF($L$4="牧师",法师!AL34,IF($L$4="圣武士",法师!AV34,IF($L$4="游侠",法师!BF34,IF($L$4="德鲁伊",法师!BP34,法师!BZ34))))))) -> Blindness/Deafness
M40: =IF($L$4="法师",法师!I35,IF($L$4="术士",法师!S35,IF($L$4="邪术师",法师!AC35,IF($L$4="牧师",法师!AM35,IF($L$4="圣武士",法师!AW35,IF($L$4="游侠",法师!BG35,IF($L$4="德鲁伊",法师!BQ35,法师!CA35))))))) -> 人类定身术 | Q40: =IF($L$4="法师",法师!H35,IF($L$4="术士",法师!R35,IF($L$4="邪术师",法师!AB35,IF($L$4="牧师",法师!AL35,IF($L$4="圣武士",法师!AV35,IF($L$4="游侠",法师!BF35,IF($L$4="德鲁伊",法师!BP35,法师!BZ35))))))) -> Hold Person
B41: 译名和你知道的不符就填英文 | M41: =IF($L$4="法师",法师!I36,IF($L$4="术士",法师!S36,IF($L$4="邪术师",法师!AC36,IF($L$4="牧师",法师!AM36,IF($L$4="圣武士",法师!AW36,IF($L$4="游侠",法师!BG36,IF($L$4="德鲁伊",法师!BQ36,法师!CA36))))))) -> 物件定位术 | Q41: =IF($L$4="法师",法师!H36,IF($L$4="术士",法师!R36,IF($L$4="邪术师",法师!AB36,IF($L$4="牧师",法师!AL36,IF($L$4="圣武士",法师!AV36,IF($L$4="游侠",法师!BF36,IF($L$4="德鲁伊",法师!BP36,法师!BZ36))))))) -> Locate Object
M42: =IF($L$4="法师",法师!I37,IF($L$4="术士",法师!S37,IF($L$4="邪术师",法师!AC37,IF($L$4="牧师",法师!AM37,IF($L$4="圣武士",法师!AW37,IF($L$4="游侠",法师!BG37,IF($L$4="德鲁伊",法师!BQ37,法师!CA37))))))) -> 魔嘴术 | Q42: =IF($L$4="法师",法师!H37,IF($L$4="术士",法师!R37,IF($L$4="邪术师",法师!AB37,IF($L$4="牧师",法师!AL37,IF($L$4="圣武士",法师!AV37,IF($L$4="游侠",法师!BF37,IF($L$4="德鲁伊",法师!BP37,法师!BZ37))))))) -> Magic Mouth
B43: 输入 | D43: Detect Thoughts | M43: =IF($L$4="法师",法师!I38,IF($L$4="术士",法师!S38,IF($L$4="邪术师",法师!AC38,IF($L$4="牧师",法师!AM38,IF($L$4="圣武士",法师!AW38,IF($L$4="游侠",法师!BG38,IF($L$4="德鲁伊",法师!BQ38,法师!CA38))))))) -> 魔化武器 | Q43: =IF($L$4="法师",法师!H38,IF($L$4="术士",法师!R38,IF($L$4="邪术师",法师!AB38,IF($L$4="牧师",法师!AL38,IF($L$4="圣武士",法师!AV38,IF($L$4="游侠",法师!BF38,IF($L$4="德鲁伊",法师!BP38,法师!BZ38))))))) -> Magic Weapon
M44: =IF($L$4="法师",法师!I39,IF($L$4="术士",法师!S39,IF($L$4="邪术师",法师!AC39,IF($L$4="牧师",法师!AM39,IF($L$4="圣武士",法师!AW39,IF($L$4="游侠",法师!BG39,IF($L$4="德鲁伊",法师!BQ39,法师!CA39))))))) -> 不灭明焰 | Q44: =IF($L$4="法师",法师!H39,IF($L$4="术士",法师!R39,IF($L$4="邪术师",法师!AB39,IF($L$4="牧师",法师!AL39,IF($L$4="圣武士",法师!AV39,IF($L$4="游侠",法师!BF39,IF($L$4="德鲁伊",法师!BP39,法师!BZ39))))))) -> Continual Flame
D45: =VLOOKUP(D43,列表!A2:L557,12,FALSE) -> 侦测思想 | M45: =IF($L$4="法师",法师!I40,IF($L$4="术士",法师!S40,IF($L$4="邪术师",法师!AC40,IF($L$4="牧师",法师!AM40,IF($L$4="圣武士",法师!AW40,IF($L$4="游侠",法师!BG40,IF($L$4="德鲁伊",法师!BQ40,法师!CA40))))))) -> 遗体防腐 | Q45: =IF($L$4="法师",法师!H40,IF($L$4="术士",法师!R40,IF($L$4="邪术师",法师!AB40,IF($L$4="牧师",法师!AL40,IF($L$4="圣武士",法师!AV40,IF($L$4="游侠",法师!BF40,IF($L$4="德鲁伊",法师!BP40,法师!BZ40))))))) -> Gentle Repose
B46: 单击复制，粘贴文本到中文区↑ | M46: =IF($L$4="法师",法师!I41,IF($L$4="术士",法师!S41,IF($L$4="邪术师",法师!AC41,IF($L$4="牧师",法师!AM41,IF($L$4="圣武士",法师!AW41,IF($L$4="游侠",法师!BG41,IF($L$4="德鲁伊",法师!BQ41,法师!CA41))))))) -> 秘法锁 | Q46: =IF($L$4="法师",法师!H41,IF($L$4="术士",法师!R41,IF($L$4="邪术师",法师!AB41,IF($L$4="牧师",法师!AL41,IF($L$4="圣武士",法师!AV41,IF($L$4="游侠",法师!BF41,IF($L$4="德鲁伊",法师!BP41,法师!BZ41))))))) -> Arcane Lock
M47: =IF($L$4="法师",法师!I42,IF($L$4="术士",法师!S42,IF($L$4="邪术师",法师!AC42,IF($L$4="牧师",法师!AM42,IF($L$4="圣武士",法师!AW42,IF($L$4="游侠",法师!BG42,IF($L$4="德鲁伊",法师!BQ42,法师!CA42))))))) -> 炽焰法球 | Q47: =IF($L$4="法师",法师!H42,IF($L$4="术士",法师!R42,IF($L$4="邪术师",法师!AB42,IF($L$4="牧师",法师!AL42,IF($L$4="圣武士",法师!AV42,IF($L$4="游侠",法师!BF42,IF($L$4="德鲁伊",法师!BP42,法师!BZ42))))))) -> Flaming Sphere
M48: =IF($L$4="法师",法师!I43,IF($L$4="术士",法师!S43,IF($L$4="邪术师",法师!AC43,IF($L$4="牧师",法师!AM43,IF($L$4="圣武士",法师!AW43,IF($L$4="游侠",法师!BG43,IF($L$4="德鲁伊",法师!BQ43,法师!CA43))))))) -> 马友夫强酸箭 | Q48: =IF($L$4="法师",法师!H43,IF($L$4="术士",法师!R43,IF($L$4="邪术师",法师!AB43,IF($L$4="牧师",法师!AL43,IF($L$4="圣武士",法师!AV43,IF($L$4="游侠",法师!BF43,IF($L$4="德鲁伊",法师!BP43,法师!BZ43))))))) -> Melf’s Acid Arrow
M49: =IF($L$4="法师",法师!I44,IF($L$4="术士",法师!S44,IF($L$4="邪术师",法师!AC44,IF($L$4="牧师",法师!AM44,IF($L$4="圣武士",法师!AW44,IF($L$4="游侠",法师!BG44,IF($L$4="德鲁伊",法师!BQ44,法师!CA44))))))) -> 涅斯图魔法灵光 | Q49: =IF($L$4="法师",法师!H44,IF($L$4="术士",法师!R44,IF($L$4="邪术师",法师!AB44,IF($L$4="牧师",法师!AL44,IF($L$4="圣武士",法师!AV44,IF($L$4="游侠",法师!BF44,IF($L$4="德鲁伊",法师!BP44,法师!BZ44))))))) -> Nystul’s Magic Aura
B50: 描述区域在底下↓ | M50: =IF($L$4="法师",法师!I45,IF($L$4="术士",法师!S45,IF($L$4="邪术师",法师!AC45,IF($L$4="牧师",法师!AM45,IF($L$4="圣武士",法师!AW45,IF($L$4="游侠",法师!BG45,IF($L$4="德鲁伊",法师!BQ45,法师!CA45))))))) -> 魔绳术 | Q50: =IF($L$4="法师",法师!H45,IF($L$4="术士",法师!R45,IF($L$4="邪术师",法师!AB45,IF($L$4="牧师",法师!AL45,IF($L$4="圣武士",法师!AV45,IF($L$4="游侠",法师!BF45,IF($L$4="德鲁伊",法师!BP45,法师!BZ45))))))) -> Rope Trick
M51: =IF($L$4="法师",法师!I46,IF($L$4="术士",法师!S46,IF($L$4="邪术师",法师!AC46,IF($L$4="牧师",法师!AM46,IF($L$4="圣武士",法师!AW46,IF($L$4="游侠",法师!BG46,IF($L$4="德鲁伊",法师!BQ46,法师!CA46))))))) -> 地缚 | Q51: =IF($L$4="法师",法师!H46,IF($L$4="术士",法师!R46,IF($L$4="邪术师",法师!AB46,IF($L$4="牧师",法师!AL46,IF($L$4="圣武士",法师!AV46,IF($L$4="游侠",法师!BF46,IF($L$4="德鲁伊",法师!BP46,法师!BZ46))))))) -> Earthbind
M52: =IF($L$4="法师",法师!I47,IF($L$4="术士",法师!S47,IF($L$4="邪术师",法师!AC47,IF($L$4="牧师",法师!AM47,IF($L$4="圣武士",法师!AW47,IF($L$4="游侠",法师!BG47,IF($L$4="德鲁伊",法师!BQ47,法师!CA47))))))) -> 地缚 | Q52: =IF($L$4="法师",法师!H47,IF($L$4="术士",法师!R47,IF($L$4="邪术师",法师!AB47,IF($L$4="牧师",法师!AL47,IF($L$4="圣武士",法师!AV47,IF($L$4="游侠",法师!BF47,IF($L$4="德鲁伊",法师!BP47,法师!BZ47))))))) -> Earthbind
M53: =IF($L$4="法师",法师!I48,IF($L$4="术士",法师!S48,IF($L$4="邪术师",法师!AC48,IF($L$4="牧师",法师!AM48,IF($L$4="圣武士",法师!AW48,IF($L$4="游侠",法师!BG48,IF($L$4="德鲁伊",法师!BQ48,法师!CA48))))))) -> 尘土恶魔E | Q53: =IF($L$4="法师",法师!H48,IF($L$4="术士",法师!R48,IF($L$4="邪术师",法师!AB48,IF($L$4="牧师",法师!AL48,IF($L$4="圣武士",法师!AV48,IF($L$4="游侠",法师!BF48,IF($L$4="德鲁伊",法师!BP48,法师!BZ48))))))) -> Dust Devil
M54: =IF($L$4="法师",法师!I49,IF($L$4="术士",法师!S49,IF($L$4="邪术师",法师!AC49,IF($L$4="牧师",法师!AM49,IF($L$4="圣武士",法师!AW49,IF($L$4="游侠",法师!BG49,IF($L$4="德鲁伊",法师!BQ49,法师!CA49))))))) -> 尘土恶魔 | Q54: =IF($L$4="法师",法师!H49,IF($L$4="术士",法师!R49,IF($L$4="邪术师",法师!AB49,IF($L$4="牧师",法师!AL49,IF($L$4="圣武士",法师!AV49,IF($L$4="游侠",法师!BF49,IF($L$4="德鲁伊",法师!BP49,法师!BZ49))))))) -> Dust Devil
M55: =IF($L$4="法师",法师!I50,IF($L$4="术士",法师!S50,IF($L$4="邪术师",法师!AC50,IF($L$4="牧师",法师!AM50,IF($L$4="圣武士",法师!AW50,IF($L$4="游侠",法师!BG50,IF($L$4="德鲁伊",法师!BQ50,法师!CA50))))))) -> 黑暗视觉 | Q55: =IF($L$4="法师",法师!H50,IF($L$4="术士",法师!R50,IF($L$4="邪术师",法师!AB50,IF($L$4="牧师",法师!AL50,IF($L$4="圣武士",法师!AV50,IF($L$4="游侠",法师!BF50,IF($L$4="德鲁伊",法师!BP50,法师!BZ50))))))) -> Darkvision
M56: =IF($L$4="法师",法师!I51,IF($L$4="术士",法师!S51,IF($L$4="邪术师",法师!AC51,IF($L$4="牧师",法师!AM51,IF($L$4="圣武士",法师!AW51,IF($L$4="游侠",法师!BG51,IF($L$4="德鲁伊",法师!BQ51,法师!CA51))))))) -> 造风术 | Q56: =IF($L$4="法师",法师!H51,IF($L$4="术士",法师!R51,IF($L$4="邪术师",法师!AB51,IF($L$4="牧师",法师!AL51,IF($L$4="圣武士",法师!AV51,IF($L$4="游侠",法师!BF51,IF($L$4="德鲁伊",法师!BP51,法师!BZ51))))))) -> Gust of Wind
M57: =IF($L$4="法师",法师!I52,IF($L$4="术士",法师!S52,IF($L$4="邪术师",法师!AC52,IF($L$4="牧师",法师!AM52,IF($L$4="圣武士",法师!AW52,IF($L$4="游侠",法师!BG52,IF($L$4="德鲁伊",法师!BQ52,法师!CA52))))))) | Q57: =IF($L$4="法师",法师!H52,IF($L$4="术士",法师!R52,IF($L$4="邪术师",法师!AB52,IF($L$4="牧师",法师!AL52,IF($L$4="圣武士",法师!AV52,IF($L$4="游侠",法师!BF52,IF($L$4="德鲁伊",法师!BP52,法师!BZ52)))))))
M58: =IF($L$4="法师",法师!I53,IF($L$4="术士",法师!S53,IF($L$4="邪术师",法师!AC53,IF($L$4="牧师",法师!AM53,IF($L$4="圣武士",法师!AW53,IF($L$4="游侠",法师!BG53,IF($L$4="德鲁伊",法师!BQ53,法师!CA53))))))) | Q58: =IF($L$4="法师",法师!H53,IF($L$4="术士",法师!R53,IF($L$4="邪术师",法师!AB53,IF($L$4="牧师",法师!AL53,IF($L$4="圣武士",法师!AV53,IF($L$4="游侠",法师!BF53,IF($L$4="德鲁伊",法师!BP53,法师!BZ53)))))))
M59: =IF($L$4="法师",法师!I54,IF($L$4="术士",法师!S54,IF($L$4="邪术师",法师!AC54,IF($L$4="牧师",法师!AM54,IF($L$4="圣武士",法师!AW54,IF($L$4="游侠",法师!BG54,IF($L$4="德鲁伊",法师!BQ54,法师!CA54))))))) | Q59: =IF($L$4="法师",法师!H54,IF($L$4="术士",法师!R54,IF($L$4="邪术师",法师!AB54,IF($L$4="牧师",法师!AL54,IF($L$4="圣武士",法师!AV54,IF($L$4="游侠",法师!BF54,IF($L$4="德鲁伊",法师!BP54,法师!BZ54)))))))
M60: =IF($L$4="法师",法师!I55,IF($L$4="术士",法师!S55,IF($L$4="邪术师",法师!AC55,IF($L$4="牧师",法师!AM55,IF($L$4="圣武士",法师!AW55,IF($L$4="游侠",法师!BG55,IF($L$4="德鲁伊",法师!BQ55,法师!CA55))))))) | Q60: =IF($L$4="法师",法师!H55,IF($L$4="术士",法师!R55,IF($L$4="邪术师",法师!AB55,IF($L$4="牧师",法师!AL55,IF($L$4="圣武士",法师!AV55,IF($L$4="游侠",法师!BF55,IF($L$4="德鲁伊",法师!BP55,法师!BZ55)))))))
M61: =IF($L$4="法师",法师!I56,IF($L$4="术士",法师!S56,IF($L$4="邪术师",法师!AC56,IF($L$4="牧师",法师!AM56,IF($L$4="圣武士",法师!AW56,IF($L$4="游侠",法师!BG56,IF($L$4="德鲁伊",法师!BQ56,法师!CA56))))))) | Q61: =IF($L$4="法师",法师!H56,IF($L$4="术士",法师!R56,IF($L$4="邪术师",法师!AB56,IF($L$4="牧师",法师!AL56,IF($L$4="圣武士",法师!AV56,IF($L$4="游侠",法师!BF56,IF($L$4="德鲁伊",法师!BP56,法师!BZ56)))))))
M62: =IF($L$4="法师",法师!I57,IF($L$4="术士",法师!S57,IF($L$4="邪术师",法师!AC57,IF($L$4="牧师",法师!AM57,IF($L$4="圣武士",法师!AW57,IF($L$4="游侠",法师!BG57,IF($L$4="德鲁伊",法师!BQ57,法师!CA57))))))) | Q62: =IF($L$4="法师",法师!H57,IF($L$4="术士",法师!R57,IF($L$4="邪术师",法师!AB57,IF($L$4="牧师",法师!AL57,IF($L$4="圣武士",法师!AV57,IF($L$4="游侠",法师!BF57,IF($L$4="德鲁伊",法师!BP57,法师!BZ57)))))))
M63: =IF($L$4="法师",法师!I52,IF($L$4="术士",法师!R52,IF($L$4="邪术师",法师!Z52,IF($L$4="牧师",法师!AK52,IF($L$4="圣武士",法师!AV52,IF($L$4="游侠",法师!BD52,IF($L$4="德鲁伊",法师!BN52,法师!BZ52)))))))
R66: =VLOOKUP(M67,列表!B2:M557,12,FALSE) -> Detect Thoughts
J67: ● | M67: =IF(D36=VLOOKUP(D36,列表!$B$2:$L$557,11,FALSE),D36,"你查你马呢？") -> 侦测思想
M72: =VLOOKUP(M67,列表!B2:M557,3,FALSE) -> 诗人 术士 法师 | P72: =VLOOKUP(M67,列表!B2:M557,4,FALSE) -> 2环/预言 | S72: =VLOOKUP(M67,列表!B2:M557,2,FALSE) -> 出自：PHB
M74: 施法时间： | O74: =VLOOKUP(M67,列表!B2:M557,5,FALSE) -> 1动作
M76: 施法距离： | O76: =VLOOKUP(M67,列表!B2:M557,6,FALSE) -> 自身
M78: 法术成分： | O78: =VLOOKUP(M67,列表!B2:M557,7,FALSE) -> V、S、M（一块铜片）
M80: 持续时间： | O80: =VLOOKUP(M67,列表!B2:M557,8,FALSE) -> 专注，至多1分钟
M83: =VLOOKUP(M67,列表!B2:M557,9,FALSE) -> 你在法术持续时间内能读取特定生物的思想。你可以在施展法术时，或者在法术持续时间内以一个动作实现该效应。此时，受术生物必须身处你30 尺内并且能被你看见，而你必须对其集中注意力。如果该生物智力为3 或更低，或者不懂任何语言，则该生物不受影响。 你最初了解的是该生物的表面想法，一般就是其此刻正想着的东西。你可以使用动作继续深入一个生物的思想，也可以用动作转移读心的目标。如果你继续深入，则目标必须进行一次感知豁免。豁免失败时，你了解到他的逻辑推理（如果有的话）、情绪状态以及他头脑中的一些大事（比如忧虑、挚爱和仇恨的事物）。 豁免成功时，本法术终止。无论哪种情况，目标都会知道你正在窥探他的思想。除非你转移注意力到其他生物，否则他可以在其回合内使用动作进行一次智力检定，并与你的智力检定作对抗；生物胜出对抗时，法术终止。 向目标提问可以引导目标的思想历程，因此此法术在审讯中特别有效。 你还能用此法术侦测看不见的有思维生物。你可以在施展法术时，或者在法术持续时间内以一个动作实现该效应。此时，你可以搜寻30 尺内的思想。该法术可以穿透大部分障碍，但仍会被2 尺厚的石质，或2 寸厚的金属质，或一层薄铅质材料所阻隔。你无法侦测到智力为3 或更低的生物，也无法侦测不懂任何语言的生物。 以该方式侦测到一个生物后，你可以在法术持续时间内如上文所述的读取其思想。你甚至不需要看见该生物，但其必须在其30 尺内。
B114: 下面有大号版本的
X121: =R66 -> Detect Thoughts
J122: ●
M123: =M67 -> 侦测思想
M129: =M72 -> 诗人 术士 法师 | T129: =P72 -> 2环/预言 | AA129: =S72 -> 出自：PHB
M131: =M74 -> 施法时间： | Q131: =O74 -> 1动作
M132: =M76 -> 施法距离： | Q132: =O76 -> 自身
M133: =M78 -> 法术成分： | Q133: =O78 -> V、S、M（一块铜片）
M134: =M80 -> 持续时间： | Q134: =O80 -> 专注，至多1分钟
M136: =M83 -> 你在法术持续时间内能读取特定生物的思想。你可以在施展法术时，或者在法术持续时间内以一个动作实现该效应。此时，受术生物必须身处你30 尺内并且能被你看见，而你必须对其集中注意力。如果该生物智力为3 或更低，或者不懂任何语言，则该生物不受影响。 你最初了解的是该生物的表面想法，一般就是其此刻正想着的东西。你可以使用动作继续深入一个生物的思想，也可以用动作转移读心的目标。如果你继续深入，则目标必须进行一次感知豁免。豁免失败时，你了解到他的逻辑推理（如果有的话）、情绪状态以及他头脑中的一些大事（比如忧虑、挚爱和仇恨的事物）。 豁免成功时，本法术终止。无论哪种情况，目标都会知道你正在窥探他的思想。除非你转移注意力到其他生物，否则他可以在其回合内使用动作进行一次智力检定，并与你的智力检定作对抗；生物胜出对抗时，法术终止。 向目标提问可以引导目标的思想历程，因此此法术在审讯中特别有效。 你还能用此法术侦测看不见的有思维生物。你可以在施展法术时，或者在法术持续时间内以一个动作实现该效应。此时，你可以搜寻30 尺内的思想。该法术可以穿透大部分障碍，但仍会被2 尺厚的石质，或2 寸厚的金属质，或一层薄铅质材料所阻隔。你无法侦测到智力为3 或更低的生物，也无法侦测不懂任何语言的生物。 以该方式侦测到一个生物后，你可以在法术持续时间内如上文所述的读取其思想。你甚至不需要看见该生物，但其必须在其30 尺内。
D317: 钢风斩
D318: 西风打击
D319: 莫伊之影
D320: 众星冠冕
D321: 汲能术
D322: 渺远步
D323: 精神监狱
D324: 心灵尖刺
D325: 律令痛苦
D326: 心灵尖啸
D327: 散射术
D328: 幽影刃
... D819: 沙墙

Sheet 法术
A1: 法术 Spell | AP1: 可准备
E2: Lv | F2: 法术名 | N2: 效果描述 | AB2: 动作 | AD2: 距离 | AG2: 时间 | AJ2: 专注 | AM2: 成分 | AP2: 材料
AA3: > | AL3: >
AA4: > | AL4: >
AA5: > | AL5: >
AA6: > | AL6: >
AA7: > | AL7: >
AA8: > | AL8: >
AA9: > | AL9: >
AA10: > | AL10: >
AA11: > | AL11: >
AA12: > | AL12: >
E13: Lv | F13: 法术名 | N13: 效果描述 | AB13: 动作 | AD13: 距离 | AG13: 时间 | AJ13: 专注 | AM13: 成分 | AP13: 材料
AA14: > | AL14: >
AA15: > | AL15: >
AA16: > | AL16: >
AA17: > | AL17: >
AA18: > | AL18: >
AA19: > | AL19: >
AA20: > | AL20: >
AA21: > | AL21: >
AA22: > | AL22: >
AA23: > | AL23: >
E24: Lv | F24: 法术名 | N24: 效果描述 | AB24: 动作 | AD24: 距离 | AG24: 时间 | AJ24: 专注 | AM24: 成分 | AP24: 材料
AA25: > | AL25: >
AA26: > | AL26: >
AA27: > | AL27: >
AA28: > | AL28: >
AA29: > | AL29: >
AA30: > | AL30: >
AA31: > | AL31: >
AA32: > | AL32: >
AA33: > | AL33: >
AA34: > | AL34: >
E35: Lv | F35: 法术名 | N35: 效果描述 | AB35: 动作 | AD35: 距离 | AG35: 时间 | AJ35: 专注 | AM35: 成分 | AP35: 材料
AA36: > | AL36: >
AA37: > | AL37: >
AA38: > | AL38: >
AA39: > | AL39: >
AA40: > | AL40: >
AA41: > | AL41: >
AA42: > | AL42: >
AA43: > | AL43: >
AA44: > | AL44: >
AA45: > | AL45: >
E46: Lv | F46: 法术名 | N46: 效果描述 | AB46: 动作 | AD46: 距离 | AG46: 时间 | AJ46: 专注 | AM46: 成分 | AP46: 材料
AA47: > | AL47: >
AA48: > | AL48: >
AA49: > | AL49: >
AA50: > | AL50: >
AA51: > | AL51: >
AA52: > | AL52: >
AA53: > | AL53: >
AA54: > | AL54: >
AA55: > | AL55: >
AA56: > | AL56: >

Sheet 种族查询
A1: 更新记录 | C1: 种族查询（Alpha版）
A2: v1版本：AC最大敏捷结算订正
A3: v2版本：法术速查整合，法术书添加 | C3: 种族 | F3: 阿斯莫 | R3: 年龄 | S3: =IFERROR(IF(IF($F$4<>"",VLOOKUP($F$4,法术书目录!$AK$75:$BP$180,10,FALSE),VLOOKUP($F$3,法术书目录!$AK$75:$BP$180,10,FALSE))=0,"",IF($F$4<>"",VLOOKUP($F$4,法术书目录!$AK$75:$BP$180,10,FALSE),VLOOKUP($F$3,法术书目录!$AK$75:$BP$180,10,FALSE))),"") -> 阿斯莫与人类成熟的速度相近，不过他们能活160年。
A4: V3……咳咳 | C4: 亚种 | F4: 守护阿斯莫
A5: v4版本：排版更改为竖排
A6: v4.2版本：添加角色描述 | C6: 基础属性 | F6: 基础值 | H6: 种族调整值 | L6: 自选值 | O6: 总值 | R6: 阵营 | S6: =IFERROR(IF(IF($F$4<>"",VLOOKUP($F$4,法术书目录!$AK$75:$BP$180,11,FALSE),VLOOKUP($F$3,法术书目录!$AK$75:$BP$180,11,FALSE))=0,"",IF($F$4<>"",VLOOKUP($F$4,法术书目录!$AK$75:$BP$180,11,FALSE),VLOOKUP($F$3,法术书目录!$AK$75:$BP$180,11,FALSE))),"") -> 充盈着天界之力，多数阿斯莫是善良的。被放逐的阿斯莫则通常是中立的甚至是邪恶的。
A7: v4.3版本：人物血量计算小工具添加 | B7: 1 | C7: 力量 | F7: 10 | H7: > | I7: =IFERROR(IF(IF($F$4<>"",VLOOKUP($F$4,法术书目录!$AK$75:$BP$180,B7+1,FALSE),VLOOKUP($F$3,法术书目录!$AK$75:$BP$180,B7+1,FALSE))=0,"",IF($F$4<>"",VLOOKUP($F$4,法术书目录!$AK$75:$BP$180,B7+1,FALSE),VLOOKUP($F$3,法术书目录!$AK$75:$BP$180,B7+1,FALSE))),"") | K7: > | N7: > | O7: =SUM(F7,I7,L7) -> 10
A8: v4.3.2版本：下拉菜单添加
A9: v4.3.4版本：主要页面施法栏变更 | B9: 2 | C9: 敏捷 | F9: 10 | H9: > | I9: =IFERROR(IF(IF($F$4<>"",VLOOKUP($F$4,法术书目录!$AK$75:$BP$180,B9+1,FALSE),VLOOKUP($F$3,法术书目录!$AK$75:$BP$180,B9+1,FALSE))=0,"",IF($F$4<>"",VLOOKUP($F$4,法术书目录!$AK$75:$BP$180,B9+1,FALSE),VLOOKUP($F$3,法术书目录!$AK$75:$BP$180,B9+1,FALSE))),"") | K9: > | N9: > | O9: =SUM(F9,I9,L9) -> 10 | R9: 体型 | S9: =IFERROR(IF(IF($F$4<>"",VLOOKUP($F$4,法术书目录!$AK$75:$BP$180,12,FALSE),VLOOKUP($F$3,法术书目录!$AK$75:$BP$180,12,FALSE))=0,"",IF($F$4<>"",VLOOKUP($F$4,法术书目录!$AK$75:$BP$180,12,FALSE),VLOOKUP($F$3,法术书目录!$AK$75:$BP$180,12,FALSE))),"") -> 阿斯莫的身高和体重与人类接近。
A10: v4.3.5版本：属性下拉菜单更改为复选框
A11: v4.3.6版本：额外添加两本法术书 | B11: 3 | C11: 体质 | F11: 10 | H11: > | I11: =IFERROR(IF(IF($F$4<>"",VLOOKUP($F$4,法术书目录!$AK$75:$BP$180,B11+1,FALSE),VLOOKUP($F$3,法术书目录!$AK$75:$BP$180,B11+1,FALSE))=0,"",IF($F$4<>"",VLOOKUP($F$4,法术书目录!$AK$75:$BP$180,B11+1,FALSE),VLOOKUP($F$3,法术书目录!$AK$75:$BP$180,B11+1,FALSE))),"") | K11: > | N11: > | O11: =SUM(F11,I11,L11) -> 10
A12: v4.3.7版本：添加准备法术菜单 | R12: 速度 | S12: =IFERROR(IF(IF($F$4<>"",VLOOKUP($F$4,法术书目录!$AK$75:$BP$180,13,FALSE),VLOOKUP($F$3,法术书目录!$AK$75:$BP$180,13,FALSE))=0,"",IF($F$4<>"",VLOOKUP($F$4,法术书目录!$AK$75:$BP$180,13,FALSE),VLOOKUP($F$3,法术书目录!$AK$75:$BP$180,13,FALSE))),"") -> 你的基础陆地移动速度是30尺。
A13: v4.3.8版本：种族属性查询工具添加 | B13: 4 | C13: 智力 | F13: 10 | H13: > | I13: =IFERROR(IF(IF($F$4<>"",VLOOKUP($F$4,法术书目录!$AK$75:$BP$180,B13+1,FALSE),VLOOKUP($F$3,法术书目录!$AK$75:$BP$180,B13+1,FALSE))=0,"",IF($F$4<>"",VLOOKUP($F$4,法术书目录!$AK$75:$BP$180,B13+1,FALSE),VLOOKUP($F$3,法术书目录!$AK$75:$BP$180,B13+1,FALSE))),"") | K13: > | N13: > | O13: =SUM(F13,I13,L13) -> 10
A14: v4.3.9版本：装备同调选项添加
A15: v4.3.10版本：修复Bug | B15: 5 | C15: 感知 | F15: 10 | H15: > | I15: =IFERROR(IF(IF($F$4<>"",VLOOKUP($F$4,法术书目录!$AK$75:$BP$180,B15+1,FALSE),VLOOKUP($F$3,法术书目录!$AK$75:$BP$180,B15+1,FALSE))=0,"",IF($F$4<>"",VLOOKUP($F$4,法术书目录!$AK$75:$BP$180,B15+1,FALSE),VLOOKUP($F$3,法术书目录!$AK$75:$BP$180,B15+1,FALSE))),"") -> 1 | K15: > | N15: > | O15: =SUM(F15,I15,L15) -> 11 | R15: 语言 | S15: =IFERROR(IF(IF($F$4<>"",VLOOKUP($F$4,法术书目录!$AK$75:$BP$180,14,FALSE),VLOOKUP($F$3,法术书目录!$AK$75:$BP$180,14,FALSE))=0,"",IF($F$4<>"",VLOOKUP($F$4,法术书目录!$AK$75:$BP$180,14,FALSE),VLOOKUP($F$3,法术书目录!$AK$75:$BP$180,14,FALSE))),"") -> 你能说，读，写通用语和天界语。
A16: v4.3.11版本：法术重复项提示功能加入
A17: v4.3.12版本：专注法术绿标功能加入 | B17: 6 | C17: 魅力 | F17: 10 | H17: > | I17: =IFERROR(IF(IF($F$4<>"",VLOOKUP($F$4,法术书目录!$AK$75:$BP$180,B17+1,FALSE),VLOOKUP($F$3,法术书目录!$AK$75:$BP$180,B17+1,FALSE))=0,"",IF($F$4<>"",VLOOKUP($F$4,法术书目录!$AK$75:$BP$180,B17+1,FALSE),VLOOKUP($F$3,法术书目录!$AK$75:$BP$180,B17+1,FALSE))),"") -> 2 | K17: > | N17: > | O17: =SUM(F17,I17,L17) -> 12
A18: v4.3.13版本：灵巧武器攻击骰调整
A19: v4.3.14版本：技能修正值统合 | L19: =IFERROR(IF(SUM(L7:M18)>E20*K20,"Error",""),"") | Q19: 选择了你所需要的种族数据之后可以按下【Ctrl+C】，然后去到主要人物卡对应属性项目处【右键】选择【只粘贴文本】
A20: v4.3.15版本：负重判定Bug修正 | C20: =IFERROR(IF(E20="","","自选"),"") | E20: =IFERROR(IF(IF($F$4<>"",VLOOKUP($F$4,法术书目录!$AK$75:$BP$180,8,FALSE),VLOOKUP($F$3,法术书目录!$AK$75:$BP$180,8,FALSE))=0,"",IF($F$4<>"",VLOOKUP($F$4,法术书目录!$AK$75:$BP$180,8,FALSE),VLOOKUP($F$3,法术书目录!$AK$75:$BP$180,8,FALSE))),"") | F20: =IFERROR(IF(K20="","","项不同属性各加"),"") | K20: =IFERROR(IF(IF($F$4<>"",VLOOKUP($F$4,法术书目录!$AK$75:$BP$180,9,FALSE),VLOOKUP($F$3,法术书目录!$AK$75:$BP$180,9,FALSE))=0,"",IF($F$4<>"",VLOOKUP($F$4,法术书目录!$AK$75:$BP$180,9,FALSE),VLOOKUP($F$3,法术书目录!$AK$75:$BP$180,9,FALSE))),"") | L20: =IFERROR(IF(K20="","","点"),"")
B22: 17 | C22: =IFERROR(IF(IF($F$4<>"",VLOOKUP($F$4,法术书目录!$AK$75:$BP$180,B22,FALSE),VLOOKUP($F$3,法术书目录!$AK$75:$BP$180,B22,FALSE))=0,"",IF($F$4<>"",VLOOKUP($F$4,法术书目录!$AK$75:$BP$180,B22,FALSE),VLOOKUP($F$3,法术书目录!$AK$75:$BP$180,B22,FALSE))),"") -> 黑暗视觉 | H22: =IFERROR(IF(IF($F$4<>"",VLOOKUP($F$4,法术书目录!$AK$75:$BP$180,W22,FALSE),VLOOKUP($F$3,法术书目录!$AK$75:$BP$180,W22,FALSE))=0,"",IF($F$4<>"",VLOOKUP($F$4,法术书目录!$AK$75:$BP$180,W22,FALSE),VLOOKUP($F$3,法术书目录!$AK$75:$BP$180,W22,FALSE))),"") -> 拜你的光辉灵魂所赐，你的视觉可以轻易地跨越黑暗。你可以看清昏暗光源周围60尺如同它们在亮光之中，而在黑暗之中你可以像昏暗照明一般视物。在黑暗中你无法分辨颜色，只能看见灰色的阴影。 | W22: 18
B23: 19 | C23: =IFERROR(IF(IF($F$4<>"",VLOOKUP($F$4,法术书目录!$AK$75:$BP$180,B23,FALSE),VLOOKUP($F$3,法术书目录!$AK$75:$BP$180,B23,FALSE))=0,"",IF($F$4<>"",VLOOKUP($F$4,法术书目录!$AK$75:$BP$180,B23,FALSE),VLOOKUP($F$3,法术书目录!$AK$75:$BP$180,B23,FALSE))),"") -> 天界抗力 | H23: =IFERROR(IF(IF($F$4<>"",VLOOKUP($F$4,法术书目录!$AK$75:$BP$180,W23,FALSE),VLOOKUP($F$3,法术书目录!$AK$75:$BP$180,W23,FALSE))=0,"",IF($F$4<>"",VLOOKUP($F$4,法术书目录!$AK$75:$BP$180,W23,FALSE),VLOOKUP($F$3,法术书目录!$AK$75:$BP$180,W23,FALSE))),"") -> 你对光耀和黯蚀伤害具有抗力。 | W23: 20
B24: 21 | C24: =IFERROR(IF(IF($F$4<>"",VLOOKUP($F$4,法术书目录!$AK$75:$BP$180,B24,FALSE),VLOOKUP($F$3,法术书目录!$AK$75:$BP$180,B24,FALSE))=0,"",IF($F$4<>"",VLOOKUP($F$4,法术书目录!$AK$75:$BP$180,B24,FALSE),VLOOKUP($F$3,法术书目录!$AK$75:$BP$180,B24,FALSE))),"") -> 治愈之手 | H24: =IFERROR(IF(IF($F$4<>"",VLOOKUP($F$4,法术书目录!$AK$75:$BP$180,W24,FALSE),VLOOKUP($F$3,法术书目录!$AK$75:$BP$180,W24,FALSE))=0,"",IF($F$4<>"",VLOOKUP($F$4,法术书目录!$AK$75:$BP$180,W24,FALSE),VLOOKUP($F$3,法术书目录!$AK$75:$BP$180,W24,FALSE))),"") -> 以一个动作，你可以触碰一个生物并使他恢复等同于你人物等级的生命值。一旦你使用了这个特性，在下次长休息完成之前你不能再次使用。 | W24: 22
B25: 23 | C25: =IFERROR(IF(IF($F$4<>"",VLOOKUP($F$4,法术书目录!$AK$75:$BP$180,B25,FALSE),VLOOKUP($F$3,法术书目录!$AK$75:$BP$180,B25,FALSE))=0,"",IF($F$4<>"",VLOOKUP($F$4,法术书目录!$AK$75:$BP$180,B25,FALSE),VLOOKUP($F$3,法术书目录!$AK$75:$BP$180,B25,FALSE))),"") -> 光辉掌者 | H25: =IFERROR(IF(IF($F$4<>"",VLOOKUP($F$4,法术书目录!$AK$75:$BP$180,W25,FALSE),VLOOKUP($F$3,法术书目录!$AK$75:$BP$180,W25,FALSE))=0,"",IF($F$4<>"",VLOOKUP($F$4,法术书目录!$AK$75:$BP$180,W25,FALSE),VLOOKUP($F$3,法术书目录!$AK$75:$BP$180,W25,FALSE))),"") -> 你知晓光亮术戏法。在施展它时魅力是你的施法主属性。 | W25: 24
B26: 25 | C26: =IFERROR(IF(IF($F$4<>"",VLOOKUP($F$4,法术书目录!$AK$75:$BP$180,B26,FALSE),VLOOKUP($F$3,法术书目录!$AK$75:$BP$180,B26,FALSE))=0,"",IF($F$4<>"",VLOOKUP($F$4,法术书目录!$AK$75:$BP$180,B26,FALSE),VLOOKUP($F$3,法术书目录!$AK$75:$BP$180,B26,FALSE))),"") -> 光辉灵魂 | H26: =IFERROR(IF(IF($F$4<>"",VLOOKUP($F$4,法术书目录!$AK$75:$BP$180,W26,FALSE),VLOOKUP($F$3,法术书目录!$AK$75:$BP$180,W26,FALSE))=0,"",IF($F$4<>"",VLOOKUP($F$4,法术书目录!$AK$75:$BP$180,W26,FALSE),VLOOKUP($F$3,法术书目录!$AK$75:$BP$180,W26,FALSE))),"") -> 从3级起，你可以使用一个动作来释放你内在的神圣能量。这将使你的眼睛闪烁，并且会有两条辉煌的纯能量光翼从你的后背延展。 你的转变持续一分钟或直到你以一个附赠动作中止。在这期间，你得到30尺的飞行速度，并且每个你的回合中一次，当你的攻击或法术成功造成伤害，你将对一个目标造成额外的光耀伤害等同于你的人物等级。 一旦你使用这个特性，在下次长休息完成之前你不能再次使用。 | W26: 26
B27: 27 | C27: =IFERROR(IF(IF($F$4<>"",VLOOKUP($F$4,法术书目录!$AK$75:$BP$180,B27,FALSE),VLOOKUP($F$3,法术书目录!$AK$75:$BP$180,B27,FALSE))=0,"",IF($F$4<>"",VLOOKUP($F$4,法术书目录!$AK$75:$BP$180,B27,FALSE),VLOOKUP($F$3,法术书目录!$AK$75:$BP$180,B27,FALSE))),"") | H27: =IFERROR(IF(IF($F$4<>"",VLOOKUP($F$4,法术书目录!$AK$75:$BP$180,W27,FALSE),VLOOKUP($F$3,法术书目录!$AK$75:$BP$180,W27,FALSE))=0,"",IF($F$4<>"",VLOOKUP($F$4,法术书目录!$AK$75:$BP$180,W27,FALSE),VLOOKUP($F$3,法术书目录!$AK$75:$BP$180,W27,FALSE))),"") | W27: 28
B28: 29 | C28: =IFERROR(IF(IF($F$4<>"",VLOOKUP($F$4,法术书目录!$AK$75:$BP$180,B28,FALSE),VLOOKUP($F$3,法术书目录!$AK$75:$BP$180,B28,FALSE))=0,"",IF($F$4<>"",VLOOKUP($F$4,法术书目录!$AK$75:$BP$180,B28,FALSE),VLOOKUP($F$3,法术书目录!$AK$75:$BP$180,B28,FALSE))),"") | H28: =IFERROR(IF(IF($F$4<>"",VLOOKUP($F$4,法术书目录!$AK$75:$BP$180,W28,FALSE),VLOOKUP($F$3,法术书目录!$AK$75:$BP$180,W28,FALSE))=0,"",IF($F$4<>"",VLOOKUP($F$4,法术书目录!$AK$75:$BP$180,W28,FALSE),VLOOKUP($F$3,法术书目录!$AK$75:$BP$180,W28,FALSE))),"") | W28: 30
B29: 31 | C29: =IFERROR(IF(IF($F$4<>"",VLOOKUP($F$4,法术书目录!$AK$75:$BP$180,B29,FALSE),VLOOKUP($F$3,法术书目录!$AK$75:$BP$180,B29,FALSE))=0,"",IF($F$4<>"",VLOOKUP($F$4,法术书目录!$AK$75:$BP$180,B29,FALSE),VLOOKUP($F$3,法术书目录!$AK$75:$BP$180,B29,FALSE))),"") | H29: =IFERROR(IF(IF($F$4<>"",VLOOKUP($F$4,法术书目录!$AK$75:$BP$180,W29,FALSE),VLOOKUP($F$3,法术书目录!$AK$75:$BP$180,W29,FALSE))=0,"",IF($F$4<>"",VLOOKUP($F$4,法术书目录!$AK$75:$BP$180,W29,FALSE),VLOOKUP($F$3,法术书目录!$AK$75:$BP$180,W29,FALSE))),"") | W29: 32
B30: 33 | C30: =IFERROR(IF(IF($F$4<>"",VLOOKUP($F$4,法术书目录!$AK$75:$BP$180,B30,FALSE),VLOOKUP($F$3,法术书目录!$AK$75:$BP$180,B30,FALSE))=0,"",IF($F$4<>"",VLOOKUP($F$4,法术书目录!$AK$75:$BP$180,B30,FALSE),VLOOKUP($F$3,法术书目录!$AK$75:$BP$180,B30,FALSE))),"") | H30: =IFERROR(IF(IF($F$4<>"",VLOOKUP($F$4,法术书目录!$AK$75:$BP$180,W30,FALSE),VLOOKUP($F$3,法术书目录!$AK$75:$BP$180,W30,FALSE))=0,"",IF($F$4<>"",VLOOKUP($F$4,法术书目录!$AK$75:$BP$180,W30,FALSE),VLOOKUP($F$3,法术书目录!$AK$75:$BP$180,W30,FALSE))),"") | W30: 34
B31: 35 | C31: =IFERROR(IF(IF($F$4<>"",VLOOKUP($F$4,法术书目录!$AK$75:$BP$180,B31,FALSE),VLOOKUP($F$3,法术书目录!$AK$75:$BP$180,B31,FALSE))=0,"",IF($F$4<>"",VLOOKUP($F$4,法术书目录!$AK$75:$BP$180,B31,FALSE),VLOOKUP($F$3,法术书目录!$AK$75:$BP$180,B31,FALSE))),"") | H31: =IFERROR(IF(IF($F$4<>"",VLOOKUP($F$4,法术书目录!$AK$75:$BP$180,W31,FALSE),VLOOKUP($F$3,法术书目录!$AK$75:$BP$180,W31,FALSE))=0,"",IF($F$4<>"",VLOOKUP($F$4,法术书目录!$AK$75:$BP$180,W31,FALSE),VLOOKUP($F$3,法术书目录!$AK$75:$BP$180,W31,FALSE))),"") | W31: 36

Sheet 装备物品
A1: 护甲表 | I1: 武器表Weapons | Q1: 冒险用品表AdventuringGear
A2: =LEFT(I3,LENB(I3)-LEN(I3)) | B2: 护甲 | C2: 价格 | D2: 护甲等级（AC） | E2: 力量 | F2: 隐匿 | G2: 重量LB | J2: 名称 | K2: 价格 | L2: 伤害 | M2: 重量LB | N2: 属性
A3: 轻甲 | B3: 布甲 | C3: 5gp | D3: 11＋敏捷调整值 | E3: － | F3: 劣势 | G3: 8 | I3: 简易近战武器 | J3: 短棒 | K3: 1sp | L3: 1d4钝击 | M3: 2 | N3: 轻型 | Q3: 物品 | R3: =LEFT(Q3,LENB(Q3)-LEN(Q3)) -> 物品 | S3: 价格 | T3: 重量
B4: 皮甲 | C4: 10gp | D4: 11＋敏捷调整值 | E4: － | F4: － | G4: 10 | J4: 匕首 | K4: 2gp | L4: 1d4穿刺 | M4: 1 | N4: 灵巧，轻型，投掷（射程20/60） | Q4: 算盘abacus | R4: =LEFT(Q4,LENB(Q4)-LEN(Q4)) -> 算盘 | S4: 2 gp | T4: 2磅
B5: 镶钉皮甲 | C5: 45gp | D5: 12＋敏捷调整值 | E5: － | F5: － | G5: 13 | J5: 巨棒 | K5: 2sp | L5: 1d8钝击 | M5: 10 | N5: 双手 | Q5: 强酸acid（小瓶vial） | R5: =LEFT(Q5,LENB(Q5)-LEN(Q5)) -> 强酸acid | S5: 25 gp | T5: 1磅
A6: 中甲 | B6: 兽皮甲 | C6: 10gp | D6: 12＋敏捷调整值(最大2) | E6: － | F6: － | G6: 12 | J6: 手斧 | K6: 5gp | L6: 1d6挥砍 | M6: 2 | N6: 轻型，投掷（射程20/60） | Q6: 炽火胶alchemistsfire(扁瓶flask) | R6: =LEFT(Q6,LENB(Q6)-LEN(Q6)) -> 炽火胶al | S6: 50 gp | T6: 1磅
B7: 链甲衫 | C7: 50gp | D7: 13＋敏捷调整值(最大2) | E7: － | F7: － | G7: 20 | J7: 标枪 | K7: 5sp | L7: 1d6穿刺 | M7: 2 | N7: 投掷（射程30/120） | Q7: 弹药ammunition | R7: =LEFT(Q7,LENB(Q7)-LEN(Q7)) -> 弹药
B8: 鳞甲 | C8: 50gp | D8: 14＋敏捷调整值(最大2) | E8: － | F8: 劣势 | G8: 45 | J8: 轻锤 | K8: 2gp | L8: 1d4钝击 | M8: 2 | N8: 轻型，投掷（射程20/60） | Q8: 箭arrows(20) | R8: =LEFT(Q8,LENB(Q8)-LEN(Q8)) -> 箭 | S8: 1 gp | T8: 1磅
B9: 胸甲 | C9: 400gp | D9: 14＋敏捷调整值(最大2) | E9: － | F9: － | G9: 20 | J9: 硬头锤 | K9: 5gp | L9: 1d6钝击 | M9: 4 | N9: － | Q9: 吹矢blowgunneedles(50) | R9: =LEFT(Q9,LENB(Q9)-LEN(Q9)) -> 吹矢 | S9: 1 gp | T9: 1磅
B10: 半身板甲 | C10: 750gp | D10: 15＋敏捷调整值(最大2) | E10: － | F10: 劣势 | G10: 40 | J10: 长棍 | K10: 2sp | L10: 1d6钝击 | M10: 4 | N10: 两用（1d8） | Q10: 弩矢crossbowbolts(20) | R10: =LEFT(Q10,LENB(Q10)-LEN(Q10)) -> 弩矢 | S10: 1 gp | T10: 1½磅
A11: 重甲 | B11: 环甲 | C11: 30gp | D11: 14 | E11: － | F11: 劣势 | G11: 40 | J11: 镰刀 | K11: 1gp | L11: 1d4挥砍 | M11: 2 | N11: 轻型 | Q11: 投石索弹丸slingbullets(20) | R11: =LEFT(Q11,LENB(Q11)-LEN(Q11)) -> 投石索弹丸 | S11: 4 cp | T11: 1½磅
B12: 链甲 | C12: 75gp | D12: 16 | E12: 力量13 | F12: 劣势 | G12: 55 | J12: 矛 | K12: 1gp | L12: 1d6穿刺 | M12: 3 | N12: 投掷（射程20/60），两用（1d8） | Q12: 抗毒剂antitoxin（小瓶vial） | R12: =LEFT(Q12,LENB(Q12)-LEN(Q12)) -> 抗毒剂anti | S12: 50 gp | T12: －
B13: 板条甲 | C13: 200gp | D13: 17 | E13: 力量15 | F13: 劣势 | G13: 60 | I13: 简易远程武器 | J13: 轻弩 | K13: 25gp | L13: 1d8穿刺 | M13: 5 | N13: 弹药（射程80/320），装填，双手 | Q13: 奥术法器arcanefocus | R13: =LEFT(Q13,LENB(Q13)-LEN(Q13)) -> 奥术法器
B14: 板甲 | C14: 1500gp | D14: 18 | E14: 力量15 | F14: 劣势 | G14: 65 | J14: 飞镖 | K14: 5cp | L14: 1d4穿刺 | M14: 43469 | N14: 灵巧，投掷（射程20/60） | Q14: 水晶crystal | R14: =LEFT(Q14,LENB(Q14)-LEN(Q14)) -> 水晶 | S14: 10 gp | T14: 1磅
A15: 盾牌 | B15: 盾牌 | C15: 10gp | D15: 2 | E15: － | F15: － | G15: 6 | J15: 短弓 | K15: 25gp | L15: 1d6穿刺 | M15: 2 | N15: 弹药（射程80/320），双手 | Q15: 法球orb | R15: =LEFT(Q15,LENB(Q15)-LEN(Q15)) -> 法球 | S15: 20 gp | T15: 3磅
J16: 投石索 | K16: 1sp | L16: 1d4钝击 | M16: — | N16: 弹药（射程30/120） | Q16: 权杖rob | R16: =LEFT(Q16,LENB(Q16)-LEN(Q16)) -> 权杖 | S16: 10 gp | T16: 2磅
I17: 军用近战武器 | J17: 战斧 | K17: 10gp | L17: 1d8挥砍 | M17: 4 | N17: 两用（1d10） | Q17: 法杖staff | R17: =LEFT(Q17,LENB(Q17)-LEN(Q17)) -> 法杖 | S17: 5 gp | T17: 4磅
J18: 链枷 | K18: 10gp | L18: 1d8钝击 | M18: 2 | N18: － | Q18: 魔杖wand | R18: =LEFT(Q18,LENB(Q18)-LEN(Q18)) -> 魔杖 | S18: 10 gp | T18: 1磅
J19: 大砍刀 | K19: 20gp | L19: 1d10挥砍 | M19: 6 | N19: 重型，触及，双手 | Q19: 背包backpack | R19: =LEFT(Q19,LENB(Q19)-LEN(Q19)) -> 背包 | S19: 2 gp | T19: 5磅
J20: 巨斧 | K20: 30gp | L20: 1d12挥砍 | M20: 7 | N20: 重型，双手 | Q20: 滚珠（一包1000粒）ballbearings | R20: =LEFT(Q20,LENB(Q20)-LEN(Q20)) -> 滚珠（一包10 | S20: 1 gp | T20: 2磅
J21: 巨剑 | K21: 50gp | L21: 2d6挥砍 | M21: 6 | N21: 重型，双手 | Q21: 木桶barrel | R21: =LEFT(Q21,LENB(Q21)-LEN(Q21)) -> 木桶 | S21: 2 gp | T21: 70磅
J22: 戟 | K22: 20gp | L22: 1d10挥砍 | M22: 6 | N22: 重型，触及，双手 | Q22: 篮子basket | R22: =LEFT(Q22,LENB(Q22)-LEN(Q22)) -> 篮子 | S22: 4 sp | T22: 2磅
J23: 骑枪 | K23: 10gp | L23: 1d12穿刺 | M23: 6 | N23: 触及，特殊 | Q23: 铺盖bedroll | R23: =LEFT(Q23,LENB(Q23)-LEN(Q23)) -> 铺盖 | S23: 1 gp | T23: 7磅
J24: 长剑 | K24: 15gp | L24: 1d8挥砍 | M24: 3 | N24: 两用（1d10） | Q24: 铃铛bell | R24: =LEFT(Q24,LENB(Q24)-LEN(Q24)) -> 铃铛 | S24: 1 gp | T24: －
J25: 巨锤 | K25: 10gp | L25: 2d6钝击 | M25: 10 | N25: 重型，双手 | Q25: 毛毯blanket | R25: =LEFT(Q25,LENB(Q25)-LEN(Q25)) -> 毛毯 | S25: 5 sp | T25: 3磅
J26: 钉头锤 | K26: 15gp | L26: 1d8穿刺 | M26: 4 | N26: － | Q26: 滑轮组blockandtackle | R26: =LEFT(Q26,LENB(Q26)-LEN(Q26)) -> 滑轮组 | S26: 5 gp | T26: 5磅
J27: 长矛 | K27: 5gp | L27: 1d10穿刺 | M27: 18 | N27: 重型，触及，双手 | Q27: 书book | R27: =LEFT(Q27,LENB(Q27)-LEN(Q27)) -> 书 | S27: 28 gp | T27: 5磅
J28: 刺剑 | K28: 25gp | L28: 1d8穿刺 | M28: 2 | N28: 灵巧 | Q28: 玻璃瓶bottle,glass | R28: =LEFT(Q28,LENB(Q28)-LEN(Q28)) -> 玻璃瓶 | S28: 2 gp | T28: 2磅
J29: 弯刀 | K29: 25gp | L29: 1d6挥砍 | M29: 3 | N29: 灵巧，轻型 | Q29: 水桶bucket | R29: =LEFT(Q29,LENB(Q29)-LEN(Q29)) -> 水桶 | S29: 5 cp | T29: 2磅
... J34: 鞭 | K34: 2gp | L34: 1d4挥砍 | M34: 3 | N34: 灵巧，触及 | Q34: 链条chain（10尺） | R34: =LEFT(Q34,LENB(Q34)-LEN(Q34)) -> 链条cha | S34: 5 gp | T34: 10磅
I35: 军用远程武器 | J35: 吹箭筒 | K35: 10gp | L35: 1穿刺 | M35: 1 | N35: 弹药（射程25/100）装填 | Q35: 粉笔chalk（1块） | R35: =LEFT(Q35,LENB(Q35)-LEN(Q35)) -> 粉笔cha | S35: 1 cp | T35: －
J36: 手弩 | K36: 75gp | L36: 1d6穿刺 | M36: 3 | N36: 弹药（射程30/120），轻型，装填 | Q36: 木箱chest | R36: =LEFT(Q36,LENB(Q36)-LEN(Q36)) -> 木箱 | S36: 5 gp | T36: 25磅
J37: 重弩 | K37: 50gp | L37: 1d10穿刺 | M37: 18 | N37: 弹药（射程100/400），重型，装填，双手 | Q37: 攀爬工具climberskit | R37: =LEFT(Q37,LENB(Q37)-LEN(Q37)) -> 攀爬工具 | S37: 25 gp | T37: 12磅
J38: 长弓 | K38: 50gp | L38: 1d8穿刺 | M38: 2 | N38: 弹药（射程150/600），重型，双手 | Q38: 普通服装clothes,common | R38: =LEFT(Q38,LENB(Q38)-LEN(Q38)) -> 普通服装 | S38: 5 sp | T38: 3磅
J39: 捕网 | K39: 1gp | L39: — | M39: 3 | N39: 特殊，投掷（射程5/15） | Q39: 表演服装clothes,costume | R39: =LEFT(Q39,LENB(Q39)-LEN(Q39)) -> 表演服装 | S39: 5 gp | T39: 4磅
Q40: 高档服装clothes,fine | R40: =LEFT(Q40,LENB(Q40)-LEN(Q40)) -> 高档服装 | S40: 15 gp | T40: 6磅
Q41: 旅行者服装clothes,travelers | R41: =LEFT(Q41,LENB(Q41)-LEN(Q41)) -> 旅行者服装 | S41: 2 gp | T41: 4磅
Q42: 材料包componentpouch | R42: =LEFT(Q42,LENB(Q42)-LEN(Q42)) -> 材料包 | S42: 25 gp | T42: 2磅
Q43: 撬棍crowbar | R43: =LEFT(Q43,LENB(Q43)-LEN(Q43)) -> 撬棍 | S43: 2 gp | T43: 5磅
Q44: 德鲁伊法器druidicfocus | R44: =LEFT(Q44,LENB(Q44)-LEN(Q44)) -> 德鲁伊法器
Q45: 槲寄生枝条sprigofmistletoe | R45: =LEFT(Q45,LENB(Q45)-LEN(Q45)) -> 槲寄生枝条 | S45: 1 gp | T45: －
Q46: 图腾totem | R46: =LEFT(Q46,LENB(Q46)-LEN(Q46)) -> 图腾 | S46: 1 gp | T46: －
Q47: 木制法杖woodenstaff | R47: =LEFT(Q47,LENB(Q47)-LEN(Q47)) -> 木制法杖 | S47: 5 gp | T47: 4磅
Q48: 紫衫魔杖yewwand | R48: =LEFT(Q48,LENB(Q48)-LEN(Q48)) -> 紫衫魔杖 | S48: 10 gp | T48: 1磅
Q49: 渔具fishingtackle | R49: =LEFT(Q49,LENB(Q49)-LEN(Q49)) -> 渔具 | S49: 1 gp | T49: 4磅
Q50: 扁瓶flask或大杯tankard | R50: =LEFT(Q50,LENB(Q50)-LEN(Q50)) -> 扁瓶fla | S50: 2 cp | T50: 1磅
Q51: 爪钩grapplinghook | R51: =LEFT(Q51,LENB(Q51)-LEN(Q51)) -> 爪钩 | S51: 2 gp | T51: 4磅
Q52: 铁锤hammer | R52: =LEFT(Q52,LENB(Q52)-LEN(Q52)) -> 铁锤 | S52: 1 gp | T52: 3磅
Q53: 大铁锤hammer,sledge | R53: =LEFT(Q53,LENB(Q53)-LEN(Q53)) -> 大铁锤 | S53: 2 gp | T53: 10磅
Q54: 医疗包healerskit | R54: =LEFT(Q54,LENB(Q54)-LEN(Q54)) -> 医疗包 | S54: 5 gp | T54: 3磅

Sheet 列表
A1: 1 | B1: 2 | C1: 3 | D1: 4 | E1: 5 | F1: 6 | G1: 7 | H1: 8 | I1: 9 | J1: 10 | K1: 11 | L1: 12 | M1: 13 | N1: 14 | O1: 15 | P1: 16 | Q1: 17 | R1: 18 | S1: 19 | T1: 20
A2: 原名 | C2: 出自 | D2: 本职 | E2: 类型 | F2: 施法时间 | G2: 施法距离 | H2: 法术成分 | I2: 持续时间 | J2: 效果 | K2: 1 | M2: 原名 | N2: 等级 | O2: 种类 | P2: 法术成分 | Q2: 法术所需 | R2: 专注
A3: Zephyr Strike | B3: 西风打击 | C3: 出自：XGE | D3: 游侠 | E3: 1环/变化 | F3: 1附赠动作 | G3: 自身 | H3: V | I3: 专注，至多1分钟 | J3: 你行动如风。在持续时间内，你的移动不会导致借机攻击。 此外，在此法术结束前仅一次，你可以在自己的回合让自己的一次武器攻击检定获得优势。这次攻击若击中会造成额外1d8力场伤害。无论你是否击中，你的步行速度都会增加30英尺，直到这个回合的结束。 | K3: 1 | L3: 西风打击 | M3: Zephyr Strike | N3: 1环 | O3: 变化 | P3: 言语（V） | R3: !
A4: Aganazzar’s Scorcher | B4: 阿迦纳萨喷火术 | C4: 出自：XGE | D4: 术士 法师 | E4: 1环/塑能 | F4: 1动作 | G4: 30尺 | H4: V、S、M（一片红龙鳞片） | I4: 立即 | J4: 一道长30尺，宽5尺的线状翻涌火线从你出发向一个你指定的方向蔓延。线状区域内的每个生物必须进行一次敏捷豁免。豁免失败者将受3d8的火焰伤害，成功则伤害减半。 升环施法效应。 使用3环或更高环法术位施展该法术时，你使用的法术位每比2环高一环，其伤害便增加1d8。 | K4: 1 | L4: 阿迦纳萨喷火术 | M4: Aganazzar’s Scorcher | N4: 1环 | O4: 塑能 | P4: 言语（V）姿势（S）材料（M） | Q4: （一片红龙鳞片）
A5: Catapult | B5: 弹射 | C5: 出自：XGE | D5: 术士 法师 | E5: 1环/变化 | F5: 1动作 | G5: 60尺 | H5: S | I5: 立即 | J5: 选择距离之内，一个未被穿戴或持握的，重量为1到5磅的物体。此目标在你选择的一个方向上以直线轨迹飞行，在落到地面前至多行进90英尺，若其在此过程中撞击到了固体表面则会提前停止运动。若该物体将会撞击一个生物，该生物必须进行一次敏捷豁免检定。若检定失败，该物体击中目标并不再移动。无论如何，物体和被击中的生物或固体表面各受到3d8点钝击伤害。 升环效果：当你使用2环或更高的法术位施放该法术时，使用的法术位每高一环，你可以指定的物体的重量上限便增加5磅，而造成的伤害便提高1d8。 | K5: 1 | L5: 弹射 | M5: Catapult | N5: 1环 | O5: 变化 | P5: 姿势（S）
A6: Chaos Bolt | B6: 混乱箭 | C6: 出自：XGE | D6: 术士 | E6: 1环/塑能 | F6: 1动作 | G6: 120尺 | H6: V、S | I6: 立即 | J6: 你向着距离内的一个生物掷出一团变化不定、高声尖鸣的混乱能量。对目标进行一次远程法术攻击。击中时，目标受到2d8+1d6点伤害。选择一颗d8投出的数字来决定它的伤害类型，投出的数字与对应的类别见下表。 D8 伤害类别 1 强酸 2 寒冷 3 火焰 4 力场 5 闪电 6 毒素 7 精神 8 雷鸣 若你的两颗d8投出了相同的数字，混乱能量将从目标跳跃到一个由你选择的、处于它周围30英尺内的其他生物上。对新目标进行一次新的攻击检定，进行新的伤害检定，这次伤害检定也可能令混沌能量跳跃。 一个生物只能被此混乱箭选作目标一次。 升环效果：当你使用2环或更高的法术位施展此法术时，每个生物受到额外伤害，类型与投出的一致。额外伤害等于高于1环的每个等级1d6点。 | K6: 1 | L6: 混乱箭 | M6: Chaos Bolt | N6: 1环 | O6: 塑能 | P6: 言语（V）姿势（S）
A7: Earth Tremor | B7: 地动 | C7: 出自：XGE | D7: 诗人 德鲁伊 术士 法师 | E7: 1环/塑能 | F7: 1动作 | G7: 10尺 | H7: V、S | I7: 立即 | J7: 你在施法距离内引发地面颤动。处于该区域，除你之外的其他生物必须进行一次敏捷豁免检定。若检定失败，该生物受到1d6点钝击伤害并倒地。若区域的地表为松软的土壤或石头，其在被清理之前成为困难地形。每5尺直径的部分都需要至少1分钟来手动清理。 升环效果：当你使用2环或更高的法术位施放该法术时，使用的法术位每高一环，伤害便增加1d6。 | K7: 1 | L7: 地动 | M7: Earth Tremor | N7: 1环 | O7: 塑能 | P7: 言语（V）姿势（S）
A8: Ceremony | B8: 典礼术 | C8: 出自：XGE | D8: 牧师 圣武士 | E8: 1环/防护（仪式） | F8: 1小时 | G8: 接触 | H8: V、S、M（价值25金币的银粉，在施法时被消耗） | I8: 立即 | J8: 你进行几种宗教典礼之一。当你施展此法术时，选择下述典礼之一，其目标必须在施法过程中处于你周围10英尺内。 赎罪Atonement： 你接触一个阵营发生了改变的自愿生物，而你进行一次DC20的感知（洞察）检定。成功则你令目标恢复其原始阵营。 祝福圣水Bless Water： 你接触一瓶水并将它转变为圣水。 成人礼Coming of Age： 你接触一个年龄足够成年的类人生物。在接下来的24小时内，当目标进行一次属性检定时，它可以投d4并将投出的结果加到属性检定上。一个生物只能从此仪式中获得此好处一次。 献身Dedication： 你接触一个自愿转变为你的宗教的信仰或想要为你信奉的神明服务的类人生物。在接下来的24小时内，当目标进行一次豁免检定时，它可以投d4并将投出的结果加到检定上。一个生物只能从此仪式中获得此好处一次。 葬礼Funeral Rite： 你祝福一具处于你周围5英尺内的尸体。在接下来的7天内，目标不能被任何弱于祈愿术的方式变为不死生物。 婚礼Wedding： 你接触自愿接受婚姻的束缚的成年类人生物。在接下来的7天内，每个目标若处于彼此30英尺范围内，则在AC上获得+2加值。一个生物只有在丧偶时才能再次从这个仪式中受益。 | K8: 1 | L8: 典礼术 | M8: Ceremony | N8: 1环 | O8: 防护（仪式） | P8: 言语（V）姿势（S）材料（M） | Q8: （价值25金币的银粉，在施法时被消耗）
A9: Absorb Elements | B9: 吸收元素 | C9: 出自：XGE | D9: 法师 游侠 术士 | E9: 1环/防护 | F9: 1反应，于你受到强酸，寒冷，火焰，电击或雷鸣伤害时进行 | G9: 自身 | H9: S | I9: 1轮 | J9: 此法术捕获了部分袭来的能量，减轻它对你的效果，并将之储存起来以用在你的下一次近战攻击中。在你的下个回合的开始之前，你对于触发法术的伤害类型具有抗力。此外，在你的下个回合，第一次以近战攻击命中时，目标额外受到1d6点触发法术的伤害类型的伤害，同时此法术终结。 升环效果： 当你使用2环或更高的法术位施放该法术时，使用的法术位每高一环，额外伤害便增加1d6。 | K9: 1 | L9: 吸收元素 | M9: Absorb Elements | N9: 1环 | O9: 防护 | P9: 姿势（S）
A10: Cause Fear | B10: 造成恐惧 | C10: 出自：XGE | D10: 法师 邪术师 | E10: 1环/死灵 | F10: 1动作 | G10: 60尺 | H10: V | I10: 专注，至多1分钟 | J10: 你唤醒了一个处于距离内、你能看见的生物内心的凡性。此法术对于构装生物或不死生物无效。目标必须通过一次感知豁免检定，否则在持续时间内变得惊惧。被恐惧的生物可以在它的每个回合结束时重复进行这个豁免检定，若成功将结束法术对自身的效果。 升环效果：当你使用2环或更高的法术位施放该法术时，使用的法术位每高一环，你就可以多指定一个额外生物作为目标。每个被你指定的生物相互之间的距离必须在30尺内。 | K10: 1 | L10: 造成恐惧 | M10: Cause Fear | N10: 1环 | O10: 死灵 | P10: 言语（V） | R10: !
A11: Snare | B11: 魔法圈套 | C11: 出自：XGE | D11: 德鲁伊 游侠 法师 | E11: 1环/防护 | F11: 1分钟 | G11: 接触 | H11: S，M（25英尺的线绳，它将被此法术消耗） | I11: 8小时 | J11: 当你施展此法术时，用线绳在一处处于你触及内的地面或地板上创造一个5英尺半径的圆圈。当你完成施法时，线绳消失，化为一个魔法陷阱。 陷阱几乎是隐形的，要找到它需要一次成功的对抗你的法术豁免DC的智力（调查）检定。 当一个小型Small、中型Medium或大型Large的生物移动进入受到此法术保护的区域时，陷阱就会触发。触发的生物必须通过一次敏捷豁免检定否则摔倒、变成俯卧，并被魔法性地上下颠倒的举到半空中，直到它距离被保护的地面或地板3英尺高。生物被束缚在那里直到法术结束。 被束缚的生物可以在其每个回合的结束时进行一次敏捷豁免检定，成功则结束被束缚。或者，其他能触及被束缚的生物可以进行一次智力（神秘）检定，对抗你的法术豁免DC。成功则束缚的效果也会结束。 在陷阱被触发之后，当没有生物被它束缚时，法术将会结束。 | K11: 1 | L11: 魔法圈套 | M11: Snare | N11: 1环 | O11: 防护 | P11: 姿势（S）材料（M） | Q11: （25英尺的线绳，它将被此法术消耗）
A12: Beast Bond | B12: 兽之联结 | C12: 出自：XGE | D12: 德鲁伊 游侠 | E12: 1环/预言 | F12: 1动作 | G12: 接触 | H12: V、S、M（一小块被布包裹的毛皮） | I12: 专注，至多10分钟 | J12: 你和一个你接触的，对你友好或被你魅惑的野兽建立起一道心灵链接。若该野兽的智力不低于4，则此法术失败。直到法术终结，只要你和该野兽相互处于彼此的视觉线内，此链接便处于活动状态。通过此链接，该野兽可以理解你以心灵感应传递的信息，而其也会以心灵感应向你传递其基本的情绪和意愿{concept}。只要此链接处于活动状态，该野兽在对你周围5英尺，你能看见的任何生物所进行的攻击检定中获得优势。 | K12: 1 | L12: 兽之联结 | M12: Beast Bond | N12: 1环 | O12: 预言 | P12: 言语（V）姿势（S）材料（M） | Q12: （一小块被布包裹的毛皮） | R12: !
A13: Ice Knife | B13: 冰刃 | C13: 出自：XGE | D13: 德鲁伊 术士 法师 | E13: 1环/咒法 | F13: 1动作 | G13: 60尺 | H13: S、M（一滴水或一块冰） | I13: 立即 | J13: 你制造出一块冰晶裂片，并将它射向距离内的一个生物。你对目标进行一次远程法术攻击。若击中，目标受到1d10点穿刺伤害。无论击中与否，裂片都会在之后爆裂。目标和周围5英尺范围内的每个生物必须通过一次敏捷豁免检定，否则受到2d6点寒冷伤害。 升环效果：当你使用2环或更高的法术位施放该法术时，使用的法术位每高一环，寒冷伤害便增加1d6点。 | K13: 1 | L13: 冰刃 | M13: Ice Knife | N13: 1环 | O13: 咒法 | P13: 姿势（S）材料（M） | Q13: （一滴水或一块冰）
A14: Alarm | B14: 警报术 | C14: 出自：PHB | D14: 游侠 法师 | E14: 1环/防护（仪式） | F14: 1分钟 | G14: 30尺 | H14: V、S、M（一个小铃铛和一小段银线） | I14: 8小时 | J14: 你针对不速之客设置一个警报。在施法距离内指定一扇门窗或选择一个边长不大于20 尺的立方区域。在法术持续时间内，任何触碰或进入目标区域的微型或更大体型生物都会触发警报。 施法时，你可以决定哪些生物不会触发警报，还可以选择警报方式为声音警报或是精神警报。 如果你选择精神警报，且警报触发时你距离目标区域不超过1 里，则你的意念里会传来“乒”的警报声。如果你在睡觉，则警报将使你惊醒。 如果你选择声音警报，则警报触发时其60 尺范围内将响起持续10 秒摇铃声。 | K14: 1 | L14: 警报术 | M14: Alarm | N14: 1环 | O14: 防护（仪式） | P14: 言语（V）姿势（S）材料（M） | Q14: （一个小铃铛和一小段银线）
A15: Ensnaring Strike | B15: 诱捕打击 | C15: 出自：PHB | D15: 游侠 | E15: 1环/咒法 | F15: 1附赠动作 | G15: 自身 | H15: V | I15: 专注，至多1分钟 | J15: 你在法术终止前的下一次武器攻击命中一个生物时，将在攻击处出现一团扭曲的多刺藤蔓，并迫使目标进行一次力量豁免，豁免失败者将受魔法藤蔓影响而陷入束缚状态，直至法术终止。大型或更大体型的生物进行该豁免时具有优势，如果豁免成功，则藤蔓立即枯萎。 受该法术束缚的目标每回合开始时受到1d6 的穿刺伤害。该受束缚生物或其他能触及该目标的生物可用一个动作进行一次对抗法术豁免DC 的力量检定。检定成功则目标解除束缚。 升环施法效应。 使用2 环或更高法术位施展该法术时，你使用的法术位每比1 环高一环，伤害就提高1d6。 | K15: 1 | L15: 诱捕打击 | M15: Ensnaring Strike | N15: 1环 | O15: 咒法 | P15: 言语（V） | R15: !
A16: Hail of Thorns | B16: 棘雹术 | C16: 出自：PHB | D16: 游侠 | E16: 1环/咒法 | F16: 1附赠动作 | G16: 自身 | H16: V | I16: 专注，至多1分钟 | J16: 你在法术终止前进行的下一次远程武器攻击命中时会你 的远程武器或弹药中创造出棘刺，并形成一片棘刺雨。除了攻击产生的正常效果外，受攻击的目标及目标身边5 尺范围内的所有生物还必须进行一次敏捷豁免，豁免失败者将受到1d10 点穿刺伤害，豁免成功则伤害减半。 升环施法效应。 使用2 环或更高法术位施展该法术时，你使用的法术位每比1 环高一环，伤害就增加1d10（最大伤害6d10）。 | K16: 1 | L16: 棘雹术 | M16: Hail of Thorns | N16: 1环 | O16: 咒法 | P16: 言语（V） | R16: !
A17: Hunter’s Mark | B17: 猎人印记 | C17: 出自：PHB | D17: 游侠 | E17: 1环/预言 | F17: 1附赠动作 | G17: 90尺 | H17: V | I17: 专注，至多1小时 | J17: 你指定施法距离内一个你能看见的生物并以魔法标记其作为你的猎物。直至法术终止前，你每次以武器攻击命中该目标时都会额外造成1d6 点伤害，且每当你为寻找目标生物而进行感知（察觉）或感知（生存）检定时都具有优势。如果在法术结束前目标HP 降至0，则你可以在法术结束前的后续某一个回合中用一个附赠动作标记另一个生物。 升环施法效应。 你使用3 环或4 环法术位施展该法术时，该法术的专注可以至多维持8 小时。你使用5 环或更高法术位施展该法术时，该法术的专注可以至多维持24 小时。 | K17: 1 | L17: 猎人印记 | M17: Hunter’s Mark | N17: 1环 | O17: 预言 | P17: 言语（V） | R17: !
A18: Armor of Agathys | B18: 艾嘉西斯之铠 | C18: 出自：PHB | D18: 邪术师 | E18: 1环/防护 | F18: 1动作 | G18: 自身 | H18: V、S、M（一杯水） | I18: １小时 | J18: 防护性的魔法力量环绕着你，凝聚成覆盖着你和你的装备表面上一层魅影般的凝霜。 你在法术持续时间内获得５点临时生命值。如果有生物在你拥有这些临时生命值时以近战攻击命中你，则该生物将受到５点冷冻伤害。 升环施法效应。 使用２环或更高法术位施展该法术时，你使用的法术位每比１环高一环，临时生命和冷冻伤害就各增加５点。 | K18: 1 | L18: 艾嘉西斯之铠 | M18: Armor of Agathys | N18: 1环 | O18: 防护 | P18: 言语（V）姿势（S）材料（M） | Q18: （一杯水）
A19: Arms of Hadar | B19: 哈达之臂 | C19: 出自：PHB | D19: 邪术师 | E19: 1环/咒法 | F19: 1动作 | G19: 自身（10尺半径） | H19: V、S | I19: 立即 | J19: 你祈求“乌黯之饥渴the Dark Hunger”，哈达Hadar 的力量。 黑暗能量构成的触须从你身上蔓延而出并痛击10 尺内的所有生物。范围内的所有生物都必须进行一次力量豁免，豁免失败者将受到2d6 点黯蚀伤害，并其下一回合前都无法执行反应。豁免成功的生物伤害减半，且不受其他效应的影响。 升环施法效应。 使用２环或更高法术位施展该法术时，你使用的法术位每比１环高一环，法术的伤害就增加1d6。 | K19: 1 | L19: 哈达之臂 | M19: Arms of Hadar | N19: 1环 | O19: 咒法 | P19: 言语（V）姿势（S）
A20: Hellish Rebuke | B20: 炼狱叱喝 | C20: 出自：PHB | D20: 邪术师 | E20: 1环/塑能 | F20: 1反应，当60尺内一个你能看见的生物对你造成伤害时执行。 | G20: 60尺 | H20: V、S | I20: 立即 | J20: 你伸指一点，伤害你的生物立刻被炼狱的烈焰包围。该生物必须进行一次敏捷豁免，豁免失败则受到2d10 点火焰伤害，豁免成功则伤害减半。 升环施法效应。 使用2 环或更高法术位施展该法术时，你使用的法术位每比1 环高一环，伤害就增加1d10。 | K20: 1 | L20: 炼狱叱喝 | M20: Hellish Rebuke | N20: 1环 | O20: 塑能 | P20: 言语（V）姿势（S）
A21: Hex | B21: 脆弱诅咒 | C21: 出自：PHB | D21: 邪术师 | E21: 1环/附魔 | F21: 1附赠动作 | G21: 90英尺 | H21: V、S、M（一只被石化的蝾螈newt眼睛） | I21: 专注，至多1小时 | J21: 你对施法距离内一个你能看见的一个生物施加诅咒。直到法术终止前，你对命中该目标的任意攻击都将额外造成1d6 点黯蚀伤害。此外，你在施展该法术的同时选择一项属性，使该目标进行所选属性的属性检定时具有劣势。 如果目标在法术终止前HP 降至0，则你可以在法术终止前后续的某一回合中使用一个附赠动作诅咒另一个生物。 对受术目标施展法术移除诅咒remove curse 后可以提前终止该法术。 升环施法效应。 使用3 环或4 环法术位施展该法术时，其专注可以维持至多8 小时。使用5 环或更高法术位施展该法术时，其专注可以维持至多24 小时。 | K21: 1 | L21: 脆弱诅咒 | M21: Hex | N21: 1环 | O21: 附魔 | P21: 言语（V）姿势（S）材料（M） | Q21: （一只被石化的蝾螈newt眼睛） | R21: !
A22: Expeditious Retreat | B22: 脚底摸油 | C22: 出自：PHB | D22: 术士 邪术师 法师 | E22: 1环/变化 | F22: 1附赠动作 | G22: 自身 | H22: V、S | I22: 专注，至多10分钟 | J22: 此法术让你以惊人的步速移动。你在施展该法术时可以执行一次“疾走”动作。其后直至法术终止前的每个自己回合，你能以一个附赠动作执行“疾走”动作。 | K22: 1 | L22: 脚底摸油 | M22: Expeditious Retreat | N22: 1环 | O22: 变化 | P22: 言语（V）姿势（S） | R22: !
A23: Witch Bolt | B23: 巫术箭 | C23: 出自：PHB | D23: 术士 邪术师 法师 | E23: 1环/塑能 | F23: 1动作 | G23: 30尺 | H23: V、S、M（从一棵被闪电击中的树上取来的树枝） | I23: 专注，至多1分钟 | J23: 一支缠绕着碎裂魔力的蓝色能量长矛射向施法距离内的一个生物，并在你与目标之间生成一道持久的闪电弧。对目标生物进行一次远程法术攻击。若命中，则目标受到1d12 点闪电伤害。 在法术持续时间内，你在每个自己的回合中可以用一个动作直接对目标造成1d12 点闪电伤害。如果你执行动作做其他任何事情，法术将随即终止。此外，如果目标离开法术的施法距离或相对你处于全身掩护状态，法术也将随即终止。 升环施法效应。 使用2 环或更高法术位施展该法术时，你使用的法术位每比1 环高一环，法术的初始伤害就增加1d12。 | K23: 1 | L23: 巫术箭 | M23: Witch Bolt | N23: 1环 | O23: 塑能 | P23: 言语（V）姿势（S）材料（M） | Q23: （从一棵被闪电击中的树上取来的树枝） | R23: !
A24: Burning Hands | B24: 燃烧之手 | C24: 出自：PHB | D24: 术士 法师 | E24: 1环/塑能 | F24: 1动作 | G24: 自身（15尺锥状） | H24: V，S | I24: 立即 | J24: 你双手拇指相对，其他手指张开，一道火焰随即从手指间喷出。处于15 尺锥状区域内的生物必须进行一次敏捷豁免。豁免失败者受到3d6 点火焰伤害，豁免成功则伤害减半。 该法术的火焰会点燃范围内未被着装或携带的可燃物。 升环施法效应。 使用2 环或更高法术位施展该法术时，你使用的法术位每比1 环高一环，法术的伤害就增加1d6。 | K24: 1 | L24: 燃烧之手 | M24: Burning Hands | N24: 1环 | O24: 塑能 | P24: 言语（V）姿势（S）
A25: Chromatic Orb | B25: 繁彩球 | C25: 出自：PHB | D25: 术士 法师 | E25: 1环/塑能 | F25: 1动作 | G25: 90尺 | H25: V、S、M（一枚至少价值50gp的钻石） | I25: 立即 | J25: 你向施法距离内某个你能看见的生物掷出一颗直径4 寸的能量球，并从强酸、冷冻、火焰、闪电、毒素、雷鸣中选择一种类型以对该生物发动一次远程法术攻击。攻击命中时，该生物将受到3d8 点你所选类型的伤害。 升环施法效应。 使用２环或更高法术位施展该法术时，你使用的法术位每比１环高一环，法术的伤害就增加1d8。 | K25: 1 | L25: 繁彩球 | M25: Chromatic Orb | N25: 1环 | O25: 塑能 | P25: 言语（V）姿势（S）材料（M） | Q25: （一枚至少价值50gp的钻石）
A26: Color Spray | B26: 七彩喷射 | C26: 出自：PHB | D26: 术士 法师 | E26: 1环/幻术 | F26: 1动作 | G26: 自身（15尺锥状） | H26: V、S、M（一撮粉末或沙子，其颜色必须包含红、黄、蓝三色） | I26: 1轮 | J26: 炫目的彩光从你指间散射而出。掷一次6d10；其结果为受该法术影响生物的生命值总数。在以你为源点的15 尺锥状区域内的生物以剩余生命值由小至大的顺序受法术影响（生效时忽略昏迷生物和不能视物的生物）。 计算受法术影响生物时，从剩余生命值最低的生物开始逐个计算。每个受术生物均陷入目盲，直至法术终止。法术掷骰的生命值总数减去一个受术生物的生命值后，余数再用以计算生命值稍高者是否受法术影响。生物剩余生命值，必须小于等于该余数法术才能成功影响该生物。 升环施法效应。 使用2 环或更高法术位施展该法术时，你使用的法术位每比1 环高一环，法术的掷骰时就增加2d10。 | K26: 1 | L26: 七彩喷射 | M26: Color Spray | N26: 1环 | O26: 幻术 | P26: 言语（V）姿势（S）材料（M） | Q26: （一撮粉末或沙子，其颜色必须包含红、黄、蓝三色）
A27: False Life | B27: 虚假生命 | C27: 出自：PHB | D27: 术士 法师 | E27: 1环/死灵 | F27: 1动作 | G27: 自身 | H27: V、S、M（一小瓶酒或蒸馏酒精） | I27: 1小时 | J27: 你从死灵法术中获得了额外的生命力。在法术持续时间内，你获得1d4+4 的临时生命值。 升环施法效应。 使用2 环或更高法术位施展该法术时，你使用的法术位每比1 环高一环，其给予的临时生命值就增加5。 | K27: 1 | L27: 虚假生命 | M27: False Life | N27: 1环 | O27: 死灵 | P27: 言语（V）姿势（S）材料（M） | Q27: （一小瓶酒或蒸馏酒精）
A28: Mage Armor | B28: 法师护甲 | C28: 出自：PHB | D28: 术士 法师 | E28: 1环/防护 | F28: 1动作 | G28: 触及 | H28: V、S、M（一块鞣制过的皮革） | I28: 8小时 | J28: 你触碰一个未着装护甲的自愿生物，使其受一个保护性魔法力场环绕直至法术终止。目标的基础AC 变为13＋它的敏捷调整值。目标着装护甲或你以一个动作解散该法术后法术随之终止。 | K28: 1 | L28: 法师护甲 | M28: Mage Armor | N28: 1环 | O28: 防护 | P28: 言语（V）姿势（S）材料（M） | Q28: （一块鞣制过的皮革）
A29: Magic Missile | B29: 魔法飞弹 | C29: 出自：PHB | D29: 术士 法师 | E29: 1环/塑能 | F29: 1动作 | G29: 120尺 | H29: V、S | I29: 立即 | J29: 你创造三枚由魔法力场形成的闪光飞镖，并让每发飞镖命中施法距离内你能看见的指定生物。每发飞镖对目标造成1d4+1 的力场伤害。所有飞镖同将时命中目标，而你还可以指定它们击中同一个目标或是分别击中几个目标。 升环施法效应。 使用2 环或更高法术位施展该法术时，你使用的法术位每比1 环高一环，该法术就会多制造出一支飞镖。 | K29: 1 | L29: 魔法飞弹 | M29: Magic Missile | N29: 1环 | O29: 塑能 | P29: 言语（V）姿势（S）
A30: Ray of Sickness | B30: 致病射线 | C30: 出自：PHB | D30: 术士 法师 | E30: 1环/死灵 | F30: 1动作 | G30: 60尺 | H30: V、S | I30: 立即 | J30: 一道恶心的浅绿射线朝施法距离内一个生物射去。你对目标进行一次远程法术攻击。若命中，则目标受到2d8 的毒素伤害且必须进行一次体质豁免，豁免失败则目标陷入中毒，该中毒效应持续至你的下一回合结束。 升环施法效应。 使用2 环或更高法术位施展该法术时，你使用的法术位每比1 环高一环，伤害就增加1d8。 | K30: 1 | L30: 致病射线 | M30: Ray of Sickness | N30: 1环 | O30: 死灵 | P30: 言语（V）姿势（S）
A31: Shield | B31: 护盾术 | C31: 出自：PHB | D31: 术士 法师 | E31: 1环/防护 | F31: 1反应，当你被攻击命中或被作为魔法飞弹的目标时执行 | G31: 自身 | H31: V、S | I31: 1轮 | J31: 一道看不见的法力护盾浮现在你身边，保护着你。在你的下一回合开始前，你的AC 具有 +5 加值（在触发该法术的攻击之前生效），并且不会受到魔法飞弹的伤害。 | K31: 1 | L31: 护盾术 | M31: Shield | N31: 1环 | O31: 防护 | P31: 言语（V）姿势（S）
A32: Illusory Script | B32: 迷幻手稿 | C32: 出自：PHB | D32: 诗人 邪术师 法师 | E32: 1环/幻术（仪式） | F32: 1分钟 | G32: 触及 | H32: S、M（价值至少10gp的铅料墨水，作为法术的耗材） | I32: 10日 | J32: 你在羊皮纸，纸张或是其他适合书写的材质上书写文字并对其施加一个强力的幻象。其效应将持续至法术终止。 文件对于你和你施法时所指定的生物而言是一份普通的文件，文件内容即是以你的笔迹传达你写下手稿时想要传达的一切意义。而对于所有其他阅读者而言，该文件看起来就像由难懂的未知文字或魔法文字所书写。此外，你还可以使该文件呈现出完全不同的信息，使其看起来是用另一种笔迹或者语言所书写，不过你必须懂得该语言。 如果法术被解除，则幻象和原始手稿一同消失不见。拥有真实视觉的生物可以读出其内被隐藏的信息。 | K32: 1 | L32: 迷幻手稿 | M32: Illusory Script | N32: 1环 | O32: 幻术（仪式） | P32: 姿势（S）材料（M） | Q32: （价值至少10gp的铅料墨水，作为法术的耗材）
A33: Unseen Servant | B33: 隐形仆役 | C33: 出自：PHB | D33: 诗人 邪术师 法师 | E33: 1环/咒法（仪式） | F33: 1动作 | G33: 60尺 | H33: V、S、M（一根线和一块木头） | I33: 1小时 | J33: 该法术创造出一个无心智、无实体的隐形力场生物。你可以在法术终止前命令它进行简单的工作。该仆从被创造出来后出现在施法距离内一处未被占据空间的地面上。其AC 为10，生命值为1，力量为2，且不能攻击。若仆从的生命值降至0，则法术终止。 你可以自己每个回合内以一个附赠动作对仆役下达精神命令，使它移动最多15 尺并与一个物件进行互动。仆从可以做人类仆从能做到的简单工作，例如拿取东西、打扫卫生、修补东西、叠衣服、点火、上菜、倒酒等。一旦你下达了命令，仆从就会尽全力去做你命令它做的工作直至完成，并在完成任务后静待你的下一个命令。 如果你命令仆从做一件需要它离开你身边60 尺的工作，则法术随之终止。 | K33: 1 | L33: 隐形仆役 | M33: Unseen Servant | N33: 1环 | O33: 咒法（仪式） | P33: 言语（V）姿势（S）材料（M） | Q33: （一根线和一块木头）
A34: Comprehend Languages | B34: 通晓语言 | C34: 出自：PHB | D34: 诗人 术士 邪术师 法师 | E34: 1环/预言（仪式） | F34: 1动作 | G34: 自身 | H34: V、S、M（一撮煤灰和一撮盐） | I34: 1小时 | J34: 你在法术持续时间内知晓你所听到所有语言的字面意义。你也可以通过触碰书写的文字来读懂其字面意义。以这种方式阅读每页文字需要花费1 分钟的时间。 某些文字或图形的密语（比如一个奥秘符文）由于不属于书写语言一类所以无法用此法术破译。 | K34: 1 | L34: 通晓语言 | M34: Comprehend Languages | N34: 1环 | O34: 预言（仪式） | P34: 言语（V）姿势（S）材料（M） | Q34: （一撮煤灰和一撮盐）
A35: Disguise Self | B35: 易容术 | C35: 出自：PHB | D35: 诗人 术士 法师 | E35: 1环/幻术 | F35: 1动作 | G35: 自身 | H35: V、S | I35: 1小时 | J35: 你改变自身以及随身的衣物、护甲、武器等所有物。该效应在法术终止或你使用动作主动解除时结束。肉眼看来你的身高可以有1 尺的增减，体态可胖可瘦可匀称。但是你不能改变身体的形状，所以你变形的样子必须有四肢或类似的生理结构。此外，幻术的影响范围由你决定。 此法术产生的变化无法应对物理检查。比如，你用此法术添了一顶帽子，那么现实物件会从帽子穿过去，且任何触碰帽子的人将摸不到任何东西或者摸到的是你的头和头发。如果你用该法术让自己变得消瘦，而某个人用手摸到你时，他的手看起来就像摸着空气。 如果一个生物想要分辨你是否易容，则必须使用一个动作揭露你的伪装，并进行一次智力（调查）检定以对抗你的法术豁免DC。 | K35: 1 | L35: 易容术 | M35: Disguise Self | N35: 1环 | O35: 幻术 | P35: 言语（V）姿势（S）
A36: Feather Fall | B36: 羽落术 | C36: 出自：PHB | D36: 诗人 术士 法师 | E36: 1环/变化 | F36: 1反应，你60尺内有生物坠落时可用 | G36: 60尺 | H36: V、M（一小片羽毛或绒毛） | I36: 1分钟 | J36: 在施法距离内指定至多五个正坠落的生物。受术生物的坠落速度在法术持续时间内降低至每轮60 尺。如果该生物在法术终止前落地，则其不会受到任何坠落伤害，且可以安全的用脚着地。着地后法术对该生物的效应随即终止。 | K36: 1 | L36: 羽落术 | M36: Feather Fall | N36: 1环 | O36: 变化 | P36: 言语（V）材料（M） | Q36: （一小片羽毛或绒毛）
A37: Silent Image | B37: 无声幻影 | C37: 出自：PHB | D37: 诗人 术士 法师 | E37: 1环/幻术 | F37: 1动作 | G37: 60尺 | H37: V、S、M（少量羊毛） | I37: 专注，至多10分钟 | J37: 你创造一个影像，其形象来自一个大小不超过边长15 尺立方体的物件，生物或其他的可视现象。影像出现在施法距离内你能看见的一处位置并在法术持续时间内持续存在。该影像是纯粹的视觉影像；它不会被听觉，嗅觉或其他感官感受到。 你可以用动作将影像移动到施法距离内的另一个位置。影像改变位置时，你可以改变影像的外观使其移动得更自然。例如，如果你创造了一个生物的影像并移动它，则你可以改变影像，使它看起来就像是在走路。 由于影像无法被碰到，任何与该影像进行的物理互动都会暴露其幻象的本质。一个生物用其动作调查影像时，它可以进行一次对抗法术豁免DC 的智力（调查）检定，以判定是否看穿幻象。 辨出幻象的生物可以看破该影像，在该生物看来会透过影像看到其背后的事物。 | K37: 1 | L37: 无声幻影 | M37: Silent Image | N37: 1环 | O37: 幻术 | P37: 言语（V）姿势（S）材料（M） | Q37: （少量羊毛） | R37: !
A38: Sleep | B38: 睡眠术 | C38: 出自：PHB | D38: 诗人 术士 法师 | E38: 1环/附魔 | F38: 1动作 | G38: 90尺 | H38: V、S、M（一把细沙，玫瑰花瓣，或一只蟋蟀） | I38: 1分钟 | J38: 该法术使一些生物陷入魔法造成的沉睡中。掷一次5d8；其结果为受该法术影响生物的生命值总数。你指定施法距离一点，该点周围20 尺区域内的生物以剩余生命值由小至大的顺序受法术影响（生效时忽略昏迷生物）。 计算受法术影响生物时，从剩余生命值最低的生物开始逐个计算。每个受术生物均陷入昏迷，直至法术终止。睡眠者受到伤害也会惊醒，又或者由其他人以一个动作将其摇醒或打醒。法术掷骰的生命值总数减去一个受术生物的生命值后，余数再用以计算生命值稍高者是否受法术影响。生物剩余生命值，必须小于等于该余数法术才能成功影响该生物。 不死生物以及免疫魅惑效果的生物不受该法术影响。 升环施法效应。 使用2 环或更高法术位施展该法术时，使用的法术位每比1 环高一环，法术的掷骰就增加2d8。 | K38: 1 | L38: 睡眠术 | M38: Sleep | N38: 1环 | O38: 附魔 | P38: 言语（V）姿势（S）材料（M） | Q38: （一把细沙，玫瑰花瓣，或一只蟋蟀）
A39: Heroism | B39: 英雄气概 | C39: 出自：PHB | D39: 诗人 圣武士 | E39: 1环/附魔 | F39: 1动作 | G39: 触及 | H39: V、S | I39: 专注，至多1分钟 | J39: 你触碰一个自愿生物使其充满勇气。该生物直至法术终止前免疫恐慌，且它将在其每回合开始时获得临时生命值，其数值等于你的施法关键属性调整值。法术终止时，目标失去所有来自该法术的临时生命值。 升环施法效应。 使用2 环或更高法术位施展该法术时，你使用的法术位每比1 环高一环，就可以额外指定一个目标。 | K39: 1 | L39: 英雄气概 | M39: Heroism | N39: 1环 | O39: 附魔 | P39: 言语（V）姿势（S） | R39: !
A40: Detect Magic | B40: 侦测魔法 | C40: 出自：PHB | D40: 诗人 牧师 德鲁伊 圣武士 游侠 术士 法师 | E40: 1环/预言（仪式） | F40: 1动作 | G40: 自身 | H40: V、S | I40: 专注，至多10分钟 | J40: 你在法术持续时间内能感测到30 尺内存在的魔法。感测到魔法的存在后，你可以使用动作，并实现观察任何你能看见的生物或物件周围微弱的灵光，并分辨出其所属的魔法学派。该法术可以穿透大部分障碍，但仍会被1 尺厚石质，或1 寸厚金属质，或一层薄铅质，或3 尺厚木质或泥质材料阻隔。 | K40: 1 | L40: 侦测魔法 | M40: Detect Magic | N40: 1环 | O40: 预言（仪式） | P40: 言语（V）姿势（S） | R40: !
A41: Cure Wounds | B41: 疗伤术 | C41: 出自：PHB | D41: 诗人 牧师 德鲁伊 圣武士 游侠 | E41: 1环/塑能 | F41: 1动作 | G41: 触及 | H41: V，S | I41: 立即 | J41: 一个你触碰的生物恢复特定数值的生命值，其恢复量等于1d8＋你的施法关键属性调整值。该法术对不死生物和构装生物无效。 升环施法效应。 使用2 环或更高法术位施展该法术时，你使用的法术位每比1 环高一环，恢复量就增加1d8。 | K41: 1 | L41: 疗伤术 | M41: Cure Wounds | N41: 1环 | O41: 塑能 | P41: 言语（V）姿势（S）
A42: Healing Word | B42: 治愈真言 | C42: 出自：PHB | D42: 诗人 牧师 德鲁伊 | E42: 1环/塑能 | F42: 1附赠动作 | G42: 60尺 | H42: V | I42: 立即 | J42: 你指定施法距离内一个你能看见的生物并恢复期生命值，恢复量等于1d4＋你的施法关键属性调整值。该法术对构装体和不死生物无效。 升环施法效应。 使用2 环或更高法术位施展该法术时，你使用的法术位每比1 环高一环，治疗量就增加1d4 点。 | K42: 1 | L42: 治愈真言 | M42: Healing Word | N42: 1环 | O42: 塑能 | P42: 言语（V）
A43: Bane | B43: 灾祸术 | C43: 出自：PHB | D43: 诗人 牧师 | E43: 1环/附魔 | F43: 1动作 | G43: 30尺 | H43: V、S、M（一滴血） | I43: 专注，至多1分钟 | J43: 指定施法距离内至多三个你能看见的生物，并迫使其进行一次魅力豁免。豁免失败者直至法术终止前，在每当进行攻击检定或豁免检定时，必须从投骰结果中减去一个d4。 升环施法效应。 使用2 环或更高法术位施展该法术时，你使用的法术位每比1 环高一环，就能多指定一个目标。 | K43: 1 | L43: 灾祸术 | M43: Bane | N43: 1环 | O43: 附魔 | P43: 言语（V）姿势（S）材料（M） | Q43: （一滴血） | R43: !
A44: Identify | B44: 鉴定术 | C44: 出自：PHB | D44: 诗人 法师 | E44: 1环/预言（仪式） | F44: 1分钟 | G44: 触及 | H44: V、S、M（一颗价值至少100gp的珍珠和一根猫头鹰羽毛） | I44: 立即 | J44: 你指定一个物件，并在施法过程中一直与其保持接触。如果该物件是魔法物品或其他附有魔力的物件，则你将知晓其属性和使用方式，以及了解是否需要与之同调。若它是充能物品则你将得知它现存的可用次数。你还可以发现是否有法术正影响该物件，以及可能存在的法术效应具体来自哪项法术。如果目标由法术所创，则你将知晓具体来自哪项法术。 如果你施法过程中一直接触的是一生物，则你将知晓其是否受法术影响，及产生影响的法术效应具体来自哪项法术。 | K44: 1 | L44: 鉴定术 | M44: Identify | N44: 1环 | O44: 预言（仪式） | P44: 言语（V）姿势（S）材料（M） | Q44: （一颗价值至少100gp的珍珠和一根猫头鹰羽毛）
A45: Tasha’s Hideous Laughter | B45: 塔莎狂笑术 | C45: 出自：PHB | D45: 诗人 法师 | E45: 1环/附魔 | F45: 1动作 | G45: 30尺 | H45: V、S、M（一些小甜饼以及一片空中飘荡的羽毛） | I45: 专注，至多1分钟 | J45: 指定施法距离内一个你能看见的生物，如果该生物可受法术影响，则一切事物在该生物眼中都变得滑稽可笑，使它开始狂笑起来。目标必须进行一次感知豁免，豁免失败则俯身倒地，并在法术持续时间内陷入失能状态且无法起立。该效应对智力为4 或更低的生物无效。 目标在其每回合结束或受到伤害时，可以再进行一次感知豁免。豁免成功则法术终止。再进行豁免时，如果是因受到伤害所致则该次豁免具有优势。 | K45: 1 | L45: 塔莎狂笑术 | M45: Tasha’s Hideous Laughter | N45: 1环 | O45: 附魔 | P45: 言语（V）姿势（S）材料（M） | Q45: （一些小甜饼以及一片空中飘荡的羽毛） | R45: !
A46: Longstrider | B46: 大步奔行 | C46: 出自：PHB | D46: 诗人 德鲁伊 游侠 法师 | E46: 1环/变化 | F46: 1动作 | G46: 触及 | H46: V、S、M（一撮泥土） | I46: 1小时 | J46: 你触碰一个生物，该目标速度在法术持续时间内增加10 尺。 升环施法效应。 使用2 环或更高法术位施展该法术时，你使用的法术位每比1 环高一环，你就可以额外指定一个目标。 | K46: 1 | L46: 大步奔行 | M46: Longstrider | N46: 1环 | O46: 变化 | P46: 言语（V）姿势（S）材料（M） | Q46: （一撮泥土）
A47: Animal Friendship | B47: 化兽为友 | C47: 出自：PHB | D47: 诗人 德鲁伊 游侠 | E47: 1环/附魔 | F47: 1动作 | G47: 30尺 | H47: V、S、M（一点食物） | I47: 24小时 | J47: 该法术帮你让一只野兽相信你并无恶意。在施法距离内指定一只你能看见的野兽，而它也必须能看见你且能听到你的声音。该野兽必须进行一次感知豁免，豁免失败则将在法术持续时间内被你魅惑。如果它的智力为４或更高则法术直接失败。如果你或你的同伴对目标造成伤害，则法术终止。 升环施法效应。 使用２环或更高法术位施展该法术时，你使用的法术位每比１环高一环，就可以多选择一个野兽作为目标。 | K47: 1 | L47: 化兽为友 | M47: Animal Friendship | N47: 1环 | O47: 附魔 | P47: 言语（V）姿势（S）材料（M） | Q47: （一点食物）
A48: Speak with Animals | B48: 动物交谈 | C48: 出自：PHB | D48: 诗人 德鲁伊 游侠 | E48: 1环/预言（仪式） | F48: 1动作 | G48: 自身 | H48: V、S | I48: 10分钟 | J48: 你在法术持续时间内获得理解野兽并与其沟通的能力。许多野兽智力不高，因此它们的认知水平相当有限，但它们至少能向你提供关于周围地域和怪物的情报，包括任何它们现在以及在前一日内察觉到的东西。你也许可以说服野兽帮你一些小忙，是否成功则由DM 来判断。 | K48: 1 | L48: 动物交谈 | M48: Speak with Animals | N48: 1环 | O48: 预言（仪式） | P48: 言语（V）姿势（S）
A49: Charm Person | B49: 魅惑人类 | C49: 出自：PHB | D49: 诗人 德鲁伊 术士 邪术师 法师 | E49: 1环/附魔 | F49: 1动作 | G49: 30尺 | H49: V，S | I49: 1小时 | J49: 你尝试魅惑施法距离内的某个你能看见的类人生物。该生物必须进行一次感知豁免。如果你或你的同伴正在和该生物战斗，则该生物进行该豁免时具有优势。如果豁免失败，则该生物被你魅惑至法术终止，或者直到你或你的同伴对他做出伤害行为为止。 此间，被魅惑的生物将视你为友方且熟悉的人。法术终止后，该生物将会发觉曾被你魅惑过。 升环施法效应。 使用2 环或更高法术位施展该法术时，你使用的法术位每比1 环高一环，法术就能多影响一个目标。而各目标之间距离不能超过30 尺。 | K49: 1 | L49: 魅惑人类 | M49: Charm Person | N49: 1环 | O49: 附魔 | P49: 言语（V）姿势（S）
A50: Thunderwave | B50: 雷鸣波 | C50: 出自：PHB | D50: 诗人 德鲁伊 术士 法师 | E50: 1环/塑能 | F50: 1动作 | G50: 自身（15尺立方） | H50: V、S | I50: 立即 | J50: 一道雷鸣波从你的身体向外扫去。在以你为源点15 尺立方区域内的每个生物必须进行一次体质豁免。豁免失败者将受到2d8 点雷鸣伤害，并被推离10 尺。豁免成功则伤害减半，且不会被推离。 此外，所有完全位于该区域内且没被固定住的物件都将被自动推离10 尺。而该法术还会发出方圆300 尺内都能听见的雷霆巨响。 升环施法效应。 使用2 环或更高法术位施展该法术时，你使用的法术位每比1 环高一环，法术的伤害就增加1d8。 | K50: 1 | L50: 雷鸣波 | M50: Thunderwave | N50: 1环 | O50: 塑能 | P50: 言语（V）姿势（S）
A51: Faerie Fire | B51: 妖火 | C51: 出自：PHB | D51: 诗人 德鲁伊 | E51: 1环/塑能 | F51: 1动作 | G51: 60尺 | H51: V | I51: 专注，至多1分钟 | J51: 指定施法距离内一处20 尺立方区域，其内每个物件都将被蓝色，绿色或紫色的光所包围（颜色由你指定）。区域内敏捷豁免失败的生物也会被光包围。受术物件和生物在法术持续时间内发出10 尺半径的微光。 受术生物或物件无法受益于隐形，且任何能看见他们的攻击者对其发动攻击检定时具有优势。 | K51: 1 | L51: 妖火 | M51: Faerie Fire | N51: 1环 | O51: 塑能 | P51: 言语（V） | R51: !
A52: Dissonant Whispers | B52: 不谐低语 | C52: 出自：PHB | D52: 诗人 | E52: 1环/附魔 | F52: 1动作 | G52: 60尺 | H52: V | I52: 立即 | J52: 你指定一个施法距离内能够听到你声音的生物，并对其说出只有他能听到的不谐低语，使其受强烈的痛苦折磨。目标必须进行一次感知豁免。豁免失败则受到3d6 点心灵伤害，并立即执行反应往远离你的方向移动其速度所允许的距离。该生物不会进入明显危险的地域，如火堆或陷坑。豁免成功则伤害减半，且不会执行远离的反应。陷入耳聋状态的目标，进行该豁免时直接判定为成功。 升环施法效应。 使用2 环或更高法术位施展该法术，你使用的法术位每比1 环高一环，伤害就提高1d6。 | K52: 1 | L52: 不谐低语 | M52: Dissonant Whispers | N52: 1环 | O52: 附魔 | P52: 言语（V）
A53: Compelled Duel | B53: 强令对决 | C53: 出自：PHB | D53: 圣武士 | E53: 1环/附魔 | F53: 1附赠动作 | G53: 30尺 | H53: V | I53: 专注，至多1分钟 | J53: 你尝试强令一个生物与你决斗。指定施法距离内一个你能看见的生物作为法术的目标。该生物必须进行一次感知豁免，豁免失败则该生物将被你的神圣要求所吸引。在法术持续时间内，该生物对除你之外任何生物发动攻击检定时都具有劣势，并且每当其试图移动至与你相距超过30 尺的距离时，都必须进行一次感知豁免。豁免成功则该目标的移动本回合内暂时不受该魔法限制。 当你攻击另一个生物时，或者当你对另一个敌对生物施展法术时，又或者当一个你的友方生物对该目标造成伤害或者对其施展伤害性法术时，又或者你在距离该目标超过30 尺的位置结束你的回合时，该法术终止。 | K53: 1 | L53: 强令对决 | M53: Compelled Duel | N53: 1环 | O53: 附魔 | P53: 言语（V） | R53: !
A54: Divine Favor | B54: 神恩 | C54: 出自：PHB | D54: 圣武士 | E54: 1环/塑能 | F54: 1附赠动作 | G54: 自身 | H54: V、S | I54: 专注，至多1分钟 | J54: 你的祈祷赋予你神圣的光芒。在法术持续时间结束前，你的武器攻击命中时将造成额外1d4 点光耀伤害。 | K54: 1 | L54: 神恩 | M54: Divine Favor | N54: 1环 | O54: 塑能 | P54: 言语（V）姿势（S） | R54: !
A55: Searing Smite | B55: 炽焰斩 | C55: 出自：PHB | D55: 圣武士 | E55: 1环/塑能 | F55: 1附赠动作 | G55: 自身 | H55: V | I55: 专注，至多1分钟 | J55: 你在法术持续时间内下一次用近战武器攻击命中某个生物时将在武器上闪现出白热的光芒。该攻击对目标造成额外的1d6点火焰伤害，并点燃目标。直至法术终止前，目标在自己每一回合开始时都要进行一次体质豁免。豁免失败则受到1d6 点火焰伤害。豁免成功则法术终止。如果目标或其身边5 尺内的另一个生物用一个动作来扑灭其身上的火焰，或有其他某种效果熄灭了火焰（例如目标跳入水中），则法术终止。 升环施法效应。 使用2 环或更高法术位施展该法术时，你使用的法术位每比1 环高一环，最初一次攻击造成的额外伤害就增加1d6。 | K55: 1 | L55: 炽焰斩 | M55: Searing Smite | N55: 1环 | O55: 塑能 | P55: 言语（V） | R55: !
A56: Thunderous Smite | B56: 雷鸣斩 | C56: 出自：PHB | D56: 圣武士 | E56: 1环/塑能 | F56: 1附赠动作 | G56: 自身 | H56: V | I56: 专注，至多1分钟 | J56: 你在法术持续时间内下一次用近战武器攻击命中某个生物时将发出雷霆巨响，并使你周围300 尺都能听见该响声。该攻击对目标造成额外2d6 点雷鸣伤害，如果目标是一个生物，则它必须要进行一次力量豁免，豁免失败则目标往远离你的方向推动10尺并应击倒地。 | K56: 1 | L56: 雷鸣斩 | M56: Thunderous Smite | N56: 1环 | O56: 塑能 | P56: 言语（V） | R56: !
A57: Wrathful Smite | B57: 激愤斩 | C57: 出自：PHB | D57: 圣武士 | E57: 1环/塑能 | F57: 1附赠动作 | G57: 自身 | H57: V | I57: 专注，至多1分钟 | J57: 你在法术持续时间内，下一次近战武器攻击命中时，对目标造成额外1d6 点心灵伤害。此外，如果目标是一个生物，则其必须进行一次感知豁免。豁免失败则目标生物将在法术终止前持续陷入对你恐慌的状态。该生物可以用一个动作来尝试重拾斗志，并进行一次对抗该法术DC 的感知检定，检定成功则法术即刻终止。 | K57: 1 | L57: 激愤斩 | M57: Wrathful Smite | N57: 1环 | O57: 塑能 | P57: 言语（V） | R57: !
A58: Protection from Evil and Good | B58: 防护善恶 | C58: 出自：PHB | D58: 牧师 圣武士 邪术师 法师 | E58: 1环/防护 | F58: 1动作 | G58: 触及 | H58: V、S、M（圣水或者银和铁的粉末，作为该法术的耗材） | I58: 专注，至多10分钟 | J58: 在法术终止前，你触碰的一个自愿生物获得针对以下某类生物的防护：异怪、天界生物、元素生物、精类生物、邪魔和不死生物。 该防护提供以下增益：该类生物对目标生物进行的攻击检定具有劣势；目标不会被该类生物魅惑，恐慌或附身；如果目标已被该类生物影响而陷入魅惑、恐慌，或被附身，则目标之后进行对抗相关效应的豁免检定时具有优势。 | K58: 1 | L58: 防护善恶 | M58: Protection from Evil and Good | N58: 1环 | O58: 防护 | P58: 言语（V）姿势（S）材料（M） | Q58: （圣水或者银和铁的粉末，作为该法术的耗材） | R58: !
A59: Bless | B59: 祝福术 | C59: 出自：PHB | D59: 牧师 圣武士 | E59: 1环/附魔 | F59: 1动作 | G59: 30尺 | H59: V、S、M（一钵圣水） | I59: 专注，至多1分钟 | J59: 你用言语祝福施法距离内至多三个生物。在法术终止前，每当受术目标进行攻击检定或豁免检定时，可以额外掷一次d4 并加在其结果上。 升环施法效应。 使用2 环或更高法术位施展该法术时，你使用的法术位每比1 环高一环，就可以多指定一个目标。 | K59: 1 | L59: 祝福术 | M59: Bless | N59: 1环 | O59: 附魔 | P59: 言语（V）姿势（S）材料（M） | Q59: （一钵圣水） | R59: !
A60: Command | B60: 命令术 | C60: 出自：PHB | D60: 牧师 圣武士 | E60: 1环/附魔 | F60: 1动作 | G60: 60尺 | H60: V | I60: 1轮 | J60: 你对施法距离内一个你能看见的生物说出一个单词的命令。 目标生物必须成功通过一次感知豁免，否则必须在其自己的下一回合服从该命令行事。如果目标为不死生物或目标无法听懂你的语言，又或者你的命令对其直接构成损害，则该法术无效。以下列出一些通常可用的命令单词及其效果。你也可以说出此处没有列明的单词命令，并由DM 决定目标将如何行动。如果目标无法完成你的命令，则法术终止。 过来Approach。 目标以最短最直接的路线向你移动，并在到达距你5 尺时结束其回合。 放下Drop。 目标放下手中持握物并结束其回合。 走开Flee。 目标在其回合内以最快最有效的方式远离你。 趴下Grovel。 目标趴下倒地并结束其回合。 立定Halt。 目标不移动且不作任何动作。飞行生物在原地悬浮（如果它可以这么做）。如果它必须移动才能保持在空中，则其移动最小的距离以保持飞行。 升环施法效应。 使用2 环或更高法术位施展该法术时，你使用的法术位每比1 环高一环，法术就能多影响一个目标。而各目标之间距离不能超过30 尺。 | K60: 1 | L60: 命令术 | M60: Command | N60: 1环 | O60: 附魔 | P60: 言语（V）
A61: Detect Evil and Good | B61: 侦测善恶 | C61: 出自：PHB | D61: 牧师 圣武士 | E61: 1环/预言 | F61: 1动作 | G61: 自身 | H61: V、S | I61: 专注，至多10分钟 | J61: 你在法术持续时间内能感觉到身边30 尺内出现的任一异怪、天界生物、元素生物、精类生物、邪魔或不死生物的存在，并掌握其具体位置。另外，你也可以知晓30 尺内的物件或地点是否被祝福或亵渎。 该法术可以穿透大多障碍，但仍会被1 尺厚石质或1 寸厚金属质，或一层薄铅质，或3 尺厚木质或泥质材料阻隔。 | K61: 1 | L61: 侦测善恶 | M61: Detect Evil and Good | N61: 1环 | O61: 预言 | P61: 言语（V）姿势（S） | R61: !
A62: Shield of Faith | B62: 虔诚护盾 | C62: 出自：PHB | D62: 牧师 圣武士 | E62: 1环/防护 | F62: 1附赠动作 | G62: 60尺 | H62: V、S、M（一小块写有神圣文字的羊皮纸） | I62: 专注，至多10分钟 | J62: 围绕着施法距离内你指定的一个生物出现一片闪着微光的魔法力场。使目标在法术持续时间内AC 获得 +2 加值。 | K62: 1 | L62: 虔诚护盾 | M62: Shield of Faith | N62: 1环 | O62: 防护 | P62: 言语（V）姿势（S）材料（M） | Q62: （一小块写有神圣文字的羊皮纸） | R62: !
A63: Detect Poison and Disease | B63: 侦测毒性和疾病 | C63: 出自：PHB | D63: 牧师 德鲁伊 圣武士 游侠 | E63: 1环/预言（仪式） | F63: 1动作 | G63: 自身 | H63: V、S、M（一片红豆杉叶） | I63: 专注，至多10分钟 | J63: 你在法术持续时间内可以感测并定位30 尺内的毒素、有毒生物以及疾病。你还可以判断所感测毒素、毒物或疾病的具体类别。 该法术可以穿透大部分障碍，但仍会被1 尺厚石质，或1 寸厚金属质，或一层薄铅质，或3 尺厚木质或泥质材料阻隔。 | K63: 1 | L63: 侦测毒性和疾病 | M63: Detect Poison and Disease | N63: 1环 | O63: 预言（仪式） | P63: 言语（V）姿势（S）材料（M） | Q63: （一片红豆杉叶） | R63: !
A64: Purify Food and Drink | B64: 净化食粮 | C64: 出自：PHB | D64: 牧师 德鲁伊 圣武士 | E64: 1环/变化（仪式） | F64: 1动作 | G64: 10尺 | H64: V、S | I64: 立即 | J64: 你指定施法距离内一点，净化指定点周围半径5 尺球状区域内的非魔法饮食品，并驱除其浸染的所有毒素和疾病。 | K64: 1 | L64: 净化食粮 | M64: Purify Food and Drink | N64: 1环 | O64: 变化（仪式） | P64: 言语（V）姿势（S）
A65: Create or Destroy Water | B65: 造水/枯水术 | C65: 出自：PHB | D65: 牧师 德鲁伊 | E65: 1环/变化 | F65: 1动作 | G65: 30尺 | H65: V、S、M（造水为一滴水，枯水为一点谷物或沙子） | I65: 立即 | J65: 你施法创造水或者使水枯竭。 造水Create Water。 你在施法距离内一个打开的容器里创造10 加仑干净的水。或以降雨的方式在施法距离内一处30 尺的立方区域降下等量水分并浇灭区域内不受遮盖的火苗。 枯水Destory Water。 你使施法距离内一个打开的容器里的10 加仑水分枯竭不见。或者使施法距离内一片30 尺立方区域的浓雾消失不见。 升环施法效应。 使用2 环或更高法术位施展该法术时，你使用的法术位每比1 环高一环，法术就多创造或枯竭10 加仑额外的水分，或者影响的立方区域边长增加5 尺。 | K65: 1 | L65: 造水/枯水术 | M65: Create or Destroy Water | N65: 1环 | O65: 变化 | P65: 言语（V）姿势（S）材料（M） | Q65: （造水为一滴水，枯水为一点谷物或沙子）
A66: Guiding Bolt | B66: 曳光弹 | C66: 出自：PHB | D66: 牧师 | E66: 1环/塑能 | F66: 1动作 | G66: 120尺 | H66: V、S | I66: 1轮 | J66: 一道闪光快速飞向施法距离内你指定的一个生物，并对该目标进行一次远程法术攻击检定。命中时，目标受4d6 的光耀伤害。 由于目标身上闪耀着秘法的微光，在施法者下个回合结束前，对该目标发动的下一次攻击检定具有优势。 升环施法效应。 使用2 环或更高法术位施展该法术时，你使用的法术位每比1 环高一环，伤害就增加1d6。 | K66: 1 | L66: 曳光弹 | M66: Guiding Bolt | N66: 1环 | O66: 塑能 | P66: 言语（V）姿势（S）
A67: Inflict Wounds | B67: 致伤术 | C67: 出自：PHB | D67: 牧师 | E67: 1环/死灵 | F67: 1动作 | G67: 触及 | H67: V、S | I67: 立即 | J67: 你对触及范围内一个生物发动一次近战法术攻击。命中时，目标受到3d10 点黯蚀伤害。 升环施法效应。 使用2 环或更高法术位施展该法术时，你使用的法术位每比1 环高一环，伤害就增加1d10。 | K67: 1 | L67: 致伤术 | M67: Inflict Wounds | N67: 1环 | O67: 死灵 | P67: 言语（V）姿势（S）
A68: Sactuary | B68: 庇护术 | C68: 出自：PHB | D68: 牧师 | E68: 1环/防护 | F68: 1附赠动作 | G68: 30尺 | H68: V、S、M（一小块银镜） | I68: 1分钟 | J68: 你的法术保护一个施法距离内的生物不受攻击。在法术终止前，任何试图对受保护者进行攻击或对受保护者施放伤害性法术的生物都必须进行一次感知豁免。豁免失败则该生物必须选定一个新目标，否则将失去本次的攻击或法术。该法术不能保护受术者免受范围效应（如爆炸或火球）的影响。 受保护者进行攻击或施放任何影响敌对生物的法术时，该法术随之终止。 | K68: 1 | L68: 庇护术 | M68: Sactuary | N68: 1环 | O68: 防护 | P68: 言语（V）姿势（S）材料（M） | Q68: （一小块银镜）
A69: Find Familiar | B69: 获得魔宠 | C69: 出自：PHB | D69: 法师 | E69: 1环/咒法（仪式） | F69: 1小时 | G69: 10尺 | H69: V、S、M（将价值10gp的木炭、焚香以及香草，放在黄铜盆中烧尽） | I69: 立即 | J69: 你获得一只为你服务的魔宠。以下列动物为原型选择魔宠的动物精魂外貌：蝙蝠bat、猫cat、螃蟹crab、青蛙frog（蟾蜍toad）、鹰hawk、蜥蜴lizard、章鱼octopus、猫头鹰owl、毒蛇poisonous snake、鱼fish（食人鱼quipper）、老鼠rat、渡鸦raven、海马sea horse、蜘蛛spider、鼬鼠weasel。魔宠出现在施法距离内一处未被占据的空间，虽然有着所选的生物属性数据，但其种类为天界生物，精类生物或邪魔（由你选择）而不是野兽。 你的魔宠可以独立行动，不过会随时遵循你的指令。战斗时，它为自己骰先攻，并在自己的回合里行动。魔宠无法攻击，但是它能如常执行其他动作。 魔宠的HP 降为0 时自行消失，且不会留下任何物理残余，而当你重新施展该法术后它会重新出现。 你的魔宠在你身边100 尺范围内时，你可以与其进行心灵交流。此外，你还可以用一个动作将自己的视觉和听觉切换到魔宠的感官，并一持续至你下一回合。在此期间，你同时享有该魔宠自身的特殊感官，而你本体的感官则等同于陷入耳聋以及目盲状态。 你可以用一个动作暂时的解散你的魔宠。此时它将进入一个小位面等待你的重新召唤。或者，你也可以选择永久解散它。暂时解散时，你可以用一个动作召唤它出现在30 尺内任意未占据的空间中。 你不能同时拥有一只以上的魔宠，如果你在已有魔宠的状况下施展该法术，则你可以为现有的魔宠选择的新的形态（从以上列表选择）。 此外，当你施展施法距离为触及的法术时，你的魔宠可以帮你传递法术，其效果就如同该法术由魔宠施展一样。此时你的魔宠必须在你身边100 尺范围内，且其必须可以执行反应来传递法术。如果传递的法术需要进行攻击检定，则该检定将使用你自己的攻击调整值。 | K69: 1 | L69: 获得魔宠 | M69: Find Familiar | N69: 1环 | O69: 咒法（仪式） | P69: 言语（V）姿势（S）材料（M） | Q69: （将价值10gp的木炭、焚香以及香草，放在黄铜盆中烧尽）
A70: Grease | B70: 油腻术 | C70: 出自：PHB | D70: 法师 | E70: 1环/咒法 | F70: 1动作 | G70: 60尺 | H70: V、S、M（一小块猪皮或黄油） | I70: 1分钟 | J70: 你在施法距离内指定一点，光滑的油脂以该点为中心覆盖一处10 尺的方状区域。在法术持续时间内。该区域变为困难地形。 油脂出现时，站在其范围内的每个生物必须进行一次敏捷豁免，豁免失败则失足倒地。进入该区域或在区域内结束其回合的生物也必须进行该敏捷豁免，豁免失败则失足倒地。 | K70: 1 | L70: 油腻术 | M70: Grease | N70: 1环 | O70: 咒法 | P70: 言语（V）姿势（S）材料（M） | Q70: （一小块猪皮或黄油）
A71: Tenser’s Floating Disk | B71: 谭森浮碟术 | C71: 出自：PHB | D71: 法师 | E71: 1环/咒法（仪式） | F71: 1动作 | G71: 30尺 | H71: V、S、M（一滴水银） | I71: 1小时 | J71: 指定施法距离内一处你能看见的未被占据空间，并在该处创造一个圆盘状的碟型水平力场。浮碟直径3 尺，厚1 寸，悬浮在离地3 尺的半空。其可以在法术持续时间内持续存在，并至多可负载500 磅重量。如果放在浮碟上的物件重量超过500 磅，则该法术立即终止，浮碟上的所有东西也将掉落地面。 浮碟在你20 尺内时静止不动。只要你与其距离超过20 尺，浮碟就会跟随你移动，并保持在你的20 尺范围内。浮碟可以自由通过崎岖地形，上落的阶梯，斜坡面或者诸如此类的地面，但它不能越过高差超过10 尺的地面。例如，浮碟不能越过一个10尺深的坑；如果浮碟造在坑里，则它也无法离开这个深坑。如果你和浮碟间的距离超过100 尺（通常是因为它受障碍所阻无法跟上你），则法术随即终止。 | K71: 1 | L71: 谭森浮碟术 | M71: Tenser’s Floating Disk | N71: 1环 | O71: 咒法（仪式） | P71: 言语（V）姿势（S）材料（M） | Q71: （一滴水银）
A72: Fog Cloud | B72: 云雾术 | C72: 出自：PHB | D72: 德鲁伊 游侠 术士 法师 | E72: 1环/咒法 | F72: 1动作 | G72: 120尺 | H72: V、S | I72: 专注，至多1小时 | J72: 你以施法距离内一点为中心创造一片半径20 尺的球状浓雾。浓雾再球形内充斥所有角落，并造成重度遮蔽。浓雾持续至法术持续时间结束，但仍可被和风或更强风势（至少每小时10 里）所吹散。 升环施法效应。 使用2 环或更高法术位施展该法术时，你使用的法术位每比1 环高一环，浓雾的半径就增加20 尺。 | K72: 1 | L72: 云雾术 | M72: Fog Cloud | N72: 1环 | O72: 咒法 | P72: 言语（V）姿势（S） | R72: !
A73: Jump | B73: 跳跃术 | C73: 出自：PHB | D73: 德鲁伊 游侠 术士 法师 | E73: 1环/变化 | F73: 1动作 | G73: 触及 | H73: V、S、M（一只蚱蜢的后腿） | I73: 1分钟 | J73: 你触碰一个生物，并使该生物的跳跃距离在法术持续时间内增至三倍。 | K73: 1 | L73: 跳跃术 | M73: Jump | N73: 1环 | O73: 变化 | P73: 言语（V）姿势（S）材料（M） | Q73: （一只蚱蜢的后腿）
A74: Goodberry | B74: 神莓术 | C74: 出自：PHB | D74: 德鲁伊 游侠 | E74: 1环/变化 | F74: 1动作 | G74: 触及 | H74: V、S、M（一枝槲寄生） | I74: 立即 | J74: 至多10 个浆果出现在你手里。果子在法术持续时间内充满魔法，持有浆果的生物可用其动作吃下其中之一并以此恢复1 点生命值，且一枚浆果就可以满足该生物一整天的营养需求。创造的浆果如果在法术施展后的24 小时内没有被吃掉就会失去其效力。 | K74: 1 | L74: 神莓术 | M74: Goodberry | N74: 1环 | O74: 变化 | P74: 言语（V）姿势（S）材料（M） | Q74: （一枝槲寄生）
A75: Entangle | B75: 纠缠术 | C75: 出自：PHB | D75: 德鲁伊 | E75: 1环/咒法 | F75: 1动作 | G75: 90尺 | H75: V、S | I75: 专注，至多1分钟 | J75: 在施法距离内指定一点，并以其为源点蔓延出20 尺方形区域的杂草和藤蔓。在法术持续时间内，这片被植物覆盖的区域变为困难地形。 在你施展法术时，该区域内的生物必须成功通过一此力量豁免，否则将因为这些缠绕的植物陷入束缚状态，直到法术终止。 一个因此被束缚的生物可以使用其动作进行一次力量检定以对抗该法术的豁免DC，检定成功则摆脱束缚。 法术终止时，所召唤的植物随即枯萎。 | K75: 1 | L75: 纠缠术 | M75: Entangle | N75: 1环 | O75: 咒法 | P75: 言语（V）姿势（S） | R75: !
A76: Catapult E | B76: 弹射E | C76: 出自：EEPC | D76: 术士 法师 | E76: 1环/变化 | F76: 1动作 | G76: 150尺 | H76: S | I76: 立即 | J76: 指定施法距离内一个重量为1到5磅，未被着装或持握的物件。目标向你指定的一个方向以直线轨迹飞行，在落到地面前至多行进90尺，若其在此过程中撞击到了坚固表面则会提前停止运动。若该物件将撞击一个生物，则该生物必须进行一次敏捷豁免。豁免失败时，该物件将击中目标并不再移动。无论如何，物件和生物或固态表面各受3d8的钝击伤害。 升环施法效应。 使用2 环或更高环法术位施展该法术时，你使用的法术位每比2 环高一环，可指定的物件的重量上限便增加5 磅，而造成的伤害则提高1d8。 | K76: 1 | L76: 弹射E | M76: Catapult E | N76: 1环 | O76: 变化 | P76: 姿势（S）
A77: Aganazzar’s Scorcher E | B77: 阿迦纳萨喷火术E | C77: 出自：EEPC | D77: 术士 法师 | E77: 1环/塑能 | F77: 1动作 | G77: 30尺 | H77: V、S、M（一片红龙鳞片） | I77: 立即 | J77: 一道长30尺，宽5尺的线状翻涌火线从你出发向一个你指定的方向蔓延。线状区域内的每个生物必须进行一次敏捷豁免。豁免失败者将受3d8的火焰伤害，成功则伤害减半。 升环施法效应。 使用3环或更高环法术位施展该法术时，你使用的法术位每比2环高一环，其伤害便增加1d8。 | K77: 1 | L77: 阿迦纳萨喷火术E | M77: Aganazzar’s Scorcher E | N77: 1环 | O77: 塑能 | P77: 言语（V）姿势（S）材料（M） | Q77: （一片红龙鳞片）
A78: Earth Tremor E | B78: 地动E | C78: 出自：EEPC | D78: 诗人 德鲁伊 术士 法师 | E78: 1环/塑能 | F78: 1动作 | G78: 自身（10尺半径） | H78: V、S | I78: 立即 | J78: 你在 10 尺半径的区域内引发地面颤动。身处该区域，除你之外的其他生物必须进行一次敏捷豁免。豁免失败者将受1d6 的钝击伤害并应击倒地。若区域地表为松软的土壤或石头，则其在被清理前成为困难地形。 升环施法效应。 使用2 环或更高环法术位施展该法术时，你使用的法术位每比 2 环高一环，伤害便增加 1d6。 | K78: 1 | L78: 地动E | M78: Earth Tremor E | N78: 1环 | O78: 塑能 | P78: 言语（V）姿势（S）
A79: Ice Knife E | B79: 冰刃E | C79: 出自：EEPC | D79: 德鲁伊 术士 法师 | E79: 1环/咒法 | F79: 1动作 | G79: 60尺 | H79: S、M（一滴水或一块冰） | I79: 立即 | J79: 你制造出一块冰晶裂片，并将它射向距离内的一个生物。你对目标进行一次远程法术攻击。若击中，则目标受 1d10 的穿刺伤害。无论击中与否，裂片都会在之后爆裂。目标和裂片爆裂处周围 5 尺范围内的每个生物必须成功通过一次敏捷豁免否则受 2d6 的冷冻伤害。 升环施法效应。 使用2 环或更高环法术位施展该法术时，你使用的法术位每比 2 环高一环，冷冻伤害便增加 1d6。 | K79: 1 | L79: 冰刃E | M79: Ice Knife E | N79: 1环 | O79: 咒法 | P79: 姿势（S）材料（M） | Q79: （一滴水或一块冰）
A80: Absorb Elements | B80: 吸收元素 | C80: 出自：EEPC | D80: 德鲁伊 游侠 法师 | E80: 1环/防护 | F80: 1反应，于你受到强酸，冷冻，火焰，闪电或雷鸣伤害时执行 | G80: 自身 | H80: S | I80: 1轮 | J80: 此法术捕获了部分袭来的能量，减轻它对你的影响，并将之储存起来以用在你的下一次近战攻击中。在你的下个回合开始之前，你对触发型的伤害具有抗性。此外，你的下个回合，第一次以近战攻击命中时，伤害目标额外受 1d6的伤害，其伤害类型与前述触发型伤害相同，随后该法术终止。 升环施法效应。 使用2 环或更高环法术位施展该法术时， 你使用的法术位每比 1 环高一环，其额外伤害便增加 1d6。 | K80: 1 | L80: 吸收元素 | M80: Absorb Elements | N80: 1环 | O80: 防护 | P80: 姿势（S）
A81: Beast Bond | B81: 兽之联结E | C81: 出自：EEPC | D81: 德鲁伊 游侠 | E81: 1环/预言 | F81: 1动作 | G81: 触及 | H81: V、S、M（一小块被布包裹的毛皮） | I81: 专注，至多10分钟 | J81: 你触及一个对你友好或受你魅惑的野兽，并与其建立心灵链接。若该野兽的智力不低于4，则此法术失败。直到法术终止前，只要你和该野兽相互处于彼此的视觉线内，此链接便处于活动状态。通过此链接，该野兽可以理解你以心灵感应传递的信息，而它本身也会以心灵感应向你传递其简单情绪和意愿打算。只要此链接处于活动状态，该野兽对你周围5 尺内你能看见的任何生物发动攻击检定时具有优势。 | K81: 1 | L81: 兽之联结E | M81: Beast Bond | N81: 1环 | O81: 预言 | P81: 言语（V）姿势（S）材料（M） | Q81: （一小块被布包裹的毛皮） | R81: !
A82: Mind Spike | B82: 心灵尖刺 | C82: 出自：XGE | D82: 术士 法师 邪术师 | E82: 2环/预言 | F82: 1动作 | G82: 60尺 | H82: S | I82: 专注，至多1小时 | J82: 你接触施法距离内一个你可见生物的内心。目标必须进行感知豁免检定，若失败会受到3d8精神伤害，成功则只承受一半。在目标豁免失败时，你在法术结束之前能时刻得知目标所在的位置，只要你们还处于同一位面上。当你拥有这个信息时，目标将不能对你躲藏，并且如果它隐形了，在对抗你时它不能从这个状态中受益。 升环效果：当你使用3环或更高的法术位施放该法术时，使用的法术位每高一环，伤害就增加1d6。 *设计师在推特指出升环1d6是印刷错误，正确的数字应该是1d8。 | K82: 1 | L82: 心灵尖刺 | M82: Mind Spike | N82: 2环 | O82: 预言 | P82: 姿势（S） | R82: !
A83: Shadow Blade | B83: 幽影刃 | C83: 出自：XGE | D83: 术士 法师 邪术师 | E83: 2环/幻术 | F83: 1附赠动作 | G83: 自身 | H83: V、S | I83: 专注，至多1分钟 | J83: 你将幽影交织成手中实化的剑。该魔法剑持续到法术结束。它被视为你具有熟练项的简易近战武器，命中时造成2d8精神伤害，并具有灵巧、轻型和投掷特性（射程20/60)。当你用该剑攻击微亮光照或黑暗中的目标时，你进行的攻击检定具有优势。 如果你放下或投掷该武器，它将在该回合结束时消散。其后，如法术持续，你能以一个附赠动作使该剑重现于你手中。 升环效果：当你用3-4环施放该法术时，其伤害增加到3d8。5-6环时增加到4d8。7环或以上则增加到5d8。 | K83: 1 | L83: 幽影刃 | M83: Shadow Blade | N83: 2环 | O83: 幻术 | P83: 言语（V）姿势（S） | R83: !
